Workbook
Name 切片器_裙长: #N/A

Sheet Sheet1
A3: 行标签 | B3: 计数项:30天销售额
A4: 广东广州 | B4: 67
A5: 浙江杭州 | B5: 39
A6: 北京 | B6: 5
A7: 江苏宿迁 | B7: 3
A8: 广东深圳 | B8: 2
A9: 广东中山 | B9: 2
A10: (空白) | B10: 1
A11: 所在地 | B11: 1
A12: 山东青岛 | B12: 1
A13: 江苏苏州 | B13: 1
A14: 广东肇庆 | B14: 1
A15: 广东东莞 | B15: 1
... A18: 总计 | B18: 126

Sheet Sheet2
A3: 行标签 | B3: 计数项:30天销售额 | C3: 平均值项:销售价
A4: 短裙 | B4: 47 | C4: 53.477021
A5: 裙长 | B5: 1 | C5: #DIV/0!
A6: 长裙 | B6: 24 | C6: 52.444583
A7: 中裙 | B7: 26 | C7: 66.523462
A8: 中长裙 | B8: 27 | C8: 37.618519
A9: (空白) | B9: 1
A10: 总计 | B10: 126 | C10: 52.559677

Sheet Sheet4
A3: 计数项:30天销售额 | B3: 列标签
A4: 行标签 | B4: 短裙 | C4: 中裙 | D4: 总计
A5: 北京 | C5: 1 | D5: 1
A6: 广东广州 | B6: 29 | C6: 13 | D6: 42
A7: 广东揭阳 | B7: 1 | D7: 1
A8: 广东深圳 | B8: 1 | C8: 1 | D8: 2
A9: 广东中山 | B9: 2 | D9: 2
A10: 江苏苏州 | C10: 1 | D10: 1
A11: 江苏宿迁 | B11: 2 | D11: 2
A12: 浙江杭州 | B12: 12 | C12: 10 | D12: 22
A13: 总计 | B13: 47 | C13: 26 | D13: 73

Sheet 源数据
A1: 数据下载时间：2015-08-23 18:09:46 功能：看店宝【kandianbao.com】 淘宝搜索排名查询 相关查询网址：http://so.kandianbao.com/连衣裙/ 查询条件：销量排序
A2: 序号 | B2: 排名位置 | C2: 宝贝名称：看店宝【kandianbao.com】 | D2: 货号 | E2: 原价 | F2: 折扣率 | G2: 销售价 | H2: 手机价 | I2: 库存 | J2: 邮费 | K2: 30天收货 | L2: 收货占比 | M2: 30天销量 | N2: 销量占比 | O2: 30天销售额 | P2: 销售额占比 | Q2: 总收藏量 | R2: PC总浏览量 | S2: 收藏比 | T2: 总分享数 | U2: 总评价数 | V2: 宝贝促销 | W2: 店铺促销 | X2: 活动促销 | Y2: 服务保证 | Z2: 所在地 | AA2: 店铺掌柜 | AB2: 开店日期 | AC2: 店铺信誉 | AD2: 店铺dsr | AE2: 店铺收藏 | AF2: 店铺类型 | AG2: 好评率 | AH2: 一级类目 | AI2: 二级类目 | AJ2: 三级类目 | AK2: 下架日期 | AL2: 下架时间 | AM2: 天数 | AN2: 星期 | AO2: 宝贝地址 | AP2: 分析地址 | AQ2: 组合形式 | AR2: 成分含量 | AS2: 廓形 | AT2: 领型 | AU2: 衣门襟 | AV2: 颜色分类 | AW2: 通勤 | AX2: 尺码 | AY2: 图案 | AZ2: 裙长 | BA2: 款式 | BB2: 销售渠道类型 | BC2: 面料 | BD2: 流行元素/工艺 | BE2: 货号 | BF2: 裙型 | BG2: 年份季节 | BH2: 材质成分 | BI2: 袖型 | BJ2: 品牌 | BK2: 风格 | BL2: 甜美 | BM2: 腰型 | BN2: 材质 | BO2: 街头 | BP2: 适用年龄 | BQ2: 袖长 | BR2: 评价标签
A3: 1 | B3: 第 1 页 第 1 位 | C3: 2015夏季新款韩版通勤女装圆领短袖气质修身ol连衣裙女中裙淑女裙 | E3: 468 | F3: 0.3342 | G3: 156.42 | H3: 156.42 | I3: 8011 | J3: 包邮 | K3: 21808 | L3: 0.0255 | M3: 30590 | N3: 0.027 | O3: 4784887.8 | P3: 0.0866 | Q3: 173404 | R3: 649367 | S3: 0.267 | T3: 21 | U3: 3096 | Y3: 8天退货，退货邮费买家承担|蚂蚁花呗|信用卡支付|集分宝|如实描述 | Z3: 浙江杭州 | AA3: 悠然1149 | AB3: 41953.842 | AC3: 2冠 | AD3: 4.8; 4.8; 4.8 | AE3: 36209 | AF3: 淘宝 | AG3: 0.9846 | AH3: 女装/女士精品 | AI3: 连衣裙 | AK3: 42240 | AL3: 0.92013889 | AM3: 1天3时55分15秒 | AN3: 一 | AO3: http://item.taobao.com/item.htm?id=520635131814 | AP3: http://item.kandianbao.com/520635131814/ | AQ3: 单件 | AR3: 81%(含)-90%(含) | AS3: H型 | AT3: 圆领 | AU3: 套头 | AV3: 粉红色 | AW3: 韩版 | AX3: S，M，L，XL，2XL | AY3: 纯色 | AZ3: 中裙 | BD3: 蝴蝶结，抽褶，口袋，系带，拉链 | BF3: 一步裙 | BG3: 2015年夏季 | BK3: 通勤 | BM3: 中腰 | BN3: 麻 | BQ3: 短袖 | BR3: 质量不错(20) ; 穿着漂亮(16) ; 做工不错(14) ; 板型很好(12) ; 服务好(11) ; 很舒适(11) ;
A4: 2 | B4: 第 1 页 第 2 位 | C4: 夏季连衣裙大码女装背心裙中长款包臀长裙内搭打底衫OL修身吊带裙 | D4: 6013- | E4: 104 | F4: 0.1827 | G4: 19 | H4: 19 | I4: 65359 | J4: 包邮 | K4: 21031 | L4: 0.0246 | M4: 35057 | N4: 0.0309 | O4: 666083 | P4: 0.0121 | Q4: 48530 | R4: 60393 | S4: 0.8036 | T4: 9 | U4: 3435 | Y4: 7天无理由|蚂蚁花呗|信用卡支付|集分宝|如实描述 | Z4: 广东东莞 | AA4: 物美价廉yy8 | AB4: 41705.55 | AC4: 1冠 | AD4: 4.6; 4.6; 4.5 | AE4: 2754 | AF4: 淘宝 | AG4: 0.9817 | AH4: 女装/女士精品 | AI4: 连衣裙 | AK4: 42244 | AL4: 0.63888889 | AM4: 4天21时10分15秒 | AN4: 五 | AO4: http://item.taobao.com/item.htm?id=45418797934 | AP4: http://item.kandianbao.com/45418797934/ | AQ4: 单件 | AR4: 31%(含)-50%(含) | AS4: A型 | AT4: V领 | AU4: 套头 | AV4: 玫红.，蓝色比图偏深，西瓜红偏橙色，浅绿比图偏浅，白色，黑色，酒红色，黄色 | AW4: OL风格 | AX4: L码建议105-120斤，M码建议90-105斤，XXL建议130-140，XL码建议120-130，XXXL建议140-155，S码建议75-90斤，买2件优惠3元，买3件优惠5元 | AY4: 纯色 | AZ4: 中长裙 | BA4: 其他/other | BC4: 针织 | BD4: 连衣裙夏季中长款包臀女长裙大码背心裙内搭打底衫韩版修身吊带裙，印花 | BE4: 6013- | BF4: 公主裙 | BG4: 2015年夏季 | BK4: 通勤 | BM4: 中腰 | BN4: 涤纶 | BP4: 25-29周岁 | BQ4: 无袖 | BR4: 很舒适(170) ; 宝贝很赞(113) ; 穿着漂亮(101) ; 版型好看(85) ; 衣服很合身(67) ; 颜色很美(41) ;
A5: 3 | B5: 第 1 页 第 3 位 | C5: 2015夏天新款显瘦牛仔背带裙连衣裙女装夏季潮学生牛仔背心短裙子 | E5: 192 | F5: 0.1198 | G5: 23 | H5: 23 | I5: 945466 | J5: 包邮 | K5: 20824 | L5: 0.0243 | M5: 25429 | N5: 0.0224 | O5: 584867 | P5: 0.0106 | Q5: 85198 | R5: 199658 | S5: 0.4267 | T5: 19 | U5: 15799 | Y5: 卖家承诺72小时内发货|8天退货，退货邮费买家承担|蚂蚁花呗|信用卡支付|集分宝|如实描述 | Z5: 广东中山 | AA5: 韩国专柜女装 | AB5: 41681.994 | AC5: 2冠 | AD5: 4.6; 4.6; 4.5 | AE5: 4594 | AF5: 淘宝 | AG5: 0.9637 | AH5: 女装/女士精品 | AI5: 连衣裙 | AK5: 42242 | AL5: 0.90228009 | AM5: 3天3时29分32秒 | AN5: 三 | AO5: http://item.taobao.com/item.htm?id=45428232575 | AP5: http://item.kandianbao.com/45428232575/ | AQ5: 单件 | AR5: 81%(含)-90%(含) | AV5: 裙子尺寸偏大，深蓝色 | AX5: XXS，XS，S，M，L，XL | AY5: 纯色 | AZ5: 短裙 | BA5: 背带 | BC5: 牛仔布 | BD5: 背带，纽扣 | BF5: 其他 | BG5: 2015年夏季 | BI5: 其他 | BJ5: 无 | BK5: 甜美 | BL5: 学院 | BM5: 宽松腰 | BN5: 醋纤 | BP5: 18-24周岁 | BQ5: 无袖 | BR5: 质量蛮好(2234) ; 版型漂亮(1276) ; 穿着效果好(1014) ; 大小合适(591) ; 衣服很舒服(541) ; 尺寸有偏差(221) ;
A6: 4 | B6: 第 1 页 第 4 位 | C6: 彩黛妃2015新款春夏季大码女装性感修身短袖镂空衣领连衣裙韩版潮 | D6: C0070 | E6: 128 | F6: 0.1547 | G6: 19.8 | H6: 19.8 | I6: 733657 | J6: 包邮 | K6: 17668 | L6: 0.0206 | M6: 22725 | N6: 0.02 | O6: 449955 | P6: 0.0081 | Q6: 105162 | R6: - | S6: - | T6: 179 | U6: 38269 | Z6: 江苏宿迁 | AA6: 彩黛妃旗舰店 | AB6: 41723.451 | AC6: 1金冠 | AD6: 4.6; 4.6; 4.8 | AE6: 308260 | AF6: 天猫 | AG6: 1 | AH6: 女装/女士精品 | AI6: 连衣裙 | AK6: 42245 | AL6: 0.42803241 | AM6: 5天16时6分37秒 | AN6: 六 | AO6: http://item.taobao.com/item.htm?id=43944007169 | AP6: http://item.kandianbao.com/43944007169/ | AQ6: 单件 | AR6: 95%以上 | AT6: 圆领 | AU6: 套头 | AV6: 浅玫红，薄荷绿，浅兰色，黑色 | AW6: 韩版 | AX6: S，M，L，XL，XXL | AY6: 纯色 | AZ6: 短裙 | BA6: 其他/other | BC6: 针织 | BD6: 褶皱 | BE6: C0070 | BF6: A字裙 | BG6: 2015年夏季 | BH6: 聚酯纤维94.8% 聚氨酯弹性纤维(氨纶)5.2% | BI6: 其他 | BJ6: 彩黛妃 | BK6: 通勤 | BM6: 高腰 | BN6: 涤纶 | BP6: 25-29周岁 | BQ6: 短袖 | BR6: 质量蛮好(7231) ; 版型好看(5113) ; 穿着美(3353) ; 衣服很合身(2627) ; 颜色很好(1909) ; 物流太慢(582) ;
A7: 5 | B7: 第 1 页 第 5 位 | C7: 凤凤服饰2015夏装新款连衣裙夏裙纯色韩版宽松无袖显瘦遮住小肚腩 | D7: 99 | E7: 299 | F7: 0.099 | G7: 29.6 | H7: 29.6 | I7: 20259 | J7: 包邮 | K7: 17586 | L7: 0.0205 | M7: 18265 | N7: 0.0161 | O7: 540644 | P7: 0.0098 | Q7: 26748 | R7: 87202 | S7: 0.3067 | T7: 2 | U7: 6214 | Y7: 7天无理由|蚂蚁花呗|信用卡支付|集分宝|如实描述 | Z7: 广东广州 | AA7: ff2012888 | AB7: 40990.534 | AC7: 2冠 | AD7: 4.0; 4.1; 4.0 | AE7: 3680 | AF7: 淘宝 | AG7: 0.8931 | AH7: 女装/女士精品 | AI7: 连衣裙 | AK7: 42243 | AL7: 0.96678241 | AM7: 4天5时2分25秒 | AN7: 四 | AO7: http://item.taobao.com/item.htm?id=520565996333 | AP7: http://item.kandianbao.com/520565996333/ | AQ7: 单件 | AR7: 81%(含)-90%(含) | AS7: A型 | AT7: 圆领 | AU7: 套头 | AV7: 活动马上结束涨价，粉红色 | AX7: S，M，L，XL，2XL | AY7: 纯色 | AZ7: 中长裙 | BA7: 其他/other | BC7: 其他 | BE7: 99 | BF7: A字裙 | BG7: 2015年夏季 | BI7: 蝙蝠袖 | BK7: 街头 | BM7: 宽松腰 | BN7: 棉 | BO7: 欧美 | BQ7: 无袖 | BR7: 很舒服(66) ; 质量蛮好(50) ; 版型漂亮(49) ; 划算(44) ; 穿着美(36) ; 衣服蛮薄(9) ;
A8: 6 | B8: 第 1 页 第 6 位 | C8: 2015夏装新款中老年女装印花连衣裙夏季大码修身中年妈妈装碎花裙 | D8: 136 | E8: 88 | F8: 0.1789 | G8: 15.74 | H8: 15.74 | I8: 5830 | J8: 包邮 | K8: 16114 | L8: 0.0188 | M8: 31284 | N8: 0.0276 | O8: 492410.16 | P8: 0.0089 | Q8: 35684 | R8: 763048 | S8: 0.0468 | T8: 277 | U8: 25728 | Y8: 卖家承诺72小时内发货|7天无理由|蚂蚁花呗|信用卡支付|集分宝|如实描述 | Z8: 北京 | AA8: 酷奇宝贝stb | AB8: 40423.859 | AC8: 4冠 | AD8: 4.7; 4.7; 4.7 | AE8: 13776 | AF8: 淘宝 | AG8: 0.9734 | AH8: 女装/女士精品 | AI8: 连衣裙 | AK8: 42239 | AL8: 0.9153588 | AM8: 0.15858796 | AN8: 日 | AO8: http://item.taobao.com/item.htm?id=24393792120 | AP8: http://item.kandianbao.com/24393792120/ | AQ8: 单件 | AR8: 81%(含)-90%(含) | AT8: V领 | AV8: 20号色，15号色，19号色，12号色，11号色，5号色，26号色，25号色，23号色，27号色，22号色，28号色，1号色，3号色，2号色，8号色，21号色，13号色，16号色，17号色，18号色 | AX8: XL建议体重100-115，3XL建议体重125-135，2XL建议体重115-125，4XL建议体重135-145，L建议体重80-100，5XL建议体重145-160 | AY8: 碎花 | AZ8: 中长裙 | BD8: 3D，印花 | BE8: 136 | BF8: 大摆型 | BG8: 2015年夏季 | BI8: 花瓣袖 | BK8: 通勤 | BP8: 30-34周岁 | BQ8: 短袖 | BR8: 质量不错(2883) ; 衣衣很舒服(1857) ; 人群(1838) ; 版型漂亮(1484) ; 穿上好看(962) ; 码数不合(586) ;
A9: 7 | B9: 第 1 页 第 7 位 | C9: 韩国2015春夏季新款女装高腰两件套连衣裙 夏装蓬蓬a字裙短袖套装 | E9: 109 | F9: 0.2661 | G9: 29 | H9: 29 | I9: 1470592 | J9: 包邮 | K9: 14988 | L9: 0.0175 | M9: 25069 | N9: 0.0221 | O9: 727001 | P9: 0.0132 | Q9: 62724 | R9: 55138 | S9: 1.1376 | T9: 2 | U9: 770 | Y9: 卖家承诺20小时内发货|7天无理由|集分宝|支付宝支付|如实描述 | Z9: 广东广州 | AA9: 人生朱1448200051 | AB9: 42183.855 | AC9: 3钻 | AD9: 4.4; 4.4; 4.2 | AE9: 8594 | AF9: 淘宝 | AG9: 0.9627 | AH9: 女装/女士精品 | AI9: 连衣裙 | AK9: 42239 | AL9: 0.88596065 | AM9: 0.12918981 | AN9: 日 | AO9: http://item.taobao.com/item.htm?id=520347387757 | AP9: http://item.kandianbao.com/520347387757/ | AQ9: 两件套 | AR9: 71%(含)-80%(含) | AS9: A型 | AT9: 圆领 | AU9: 套头 | AV9: 单件上衣，单件裙子，上衣+裙子 | AW9: 复古 | AX9: S，M，L，XL，2XL | AZ9: 短裙 | BA9: 其他/other | BC9: 欧根纱 | BD9: 拼接，蕾丝，印花 | BF9: A字裙 | BG9: 2015年夏季 | BI9: 常规 | BJ9: 无 | BK9: 通勤 | BM9: 高腰 | BN9: 涤纶 | BP9: 18-24周岁 | BQ9: 短袖 | BR9: 衣服不错(37) ; 版型好(29) ; 很划算(19) ; 态度不错(17) ; 快递不错(16) ; 很舒服(12) ;
A10: 8 | B10: 第 1 页 第 8 位 | C10: 2015夏季新品女装 韩版可爱卡通米奇印花开叉中长款短袖T恤连衣裙 | E10: 89 | F10: 0.2022 | G10: 18 | H10: 18 | I10: 2489091 | J10: 包邮 | K10: 13841 | L10: 0.0162 | M10: 18282 | N10: 0.0161 | O10: 329076 | P10: 0.006 | Q10: 38864 | R10: 29307 | S10: 1.3261 | T10: 2 | U10: 5834 | Y10: 7天无理由|蚂蚁花呗|信用卡支付|集分宝|如实描述 | Z10: 广东广州 | AA10: 韩衣馆shop | AB10: 41571.557 | AC10: 3冠 | AD10: 4.7; 4.7; 4.7 | AE10: 10680 | AF10: 淘宝 | AG10: 0.9749 | AH10: 女装/女士精品 | AI10: 连衣裙 | AK10: 42240 | AL10: 0.65258102 | AM10: 0.89581019 | AN10: 一 | AO10: http://item.taobao.com/item.htm?id=520221451671 | AP10: http://item.kandianbao.com/520221451671/ | AQ10: 单件 | AR10: 31%(含)-50%(含) | AT10: 圆领 | AU10: 套头 | AV10: 白色，黑色 | AW10: 韩版 | AX10: 均码（优质正品），均码（普通起球），S（优质正品），M（优质正品），L（优质正品），XL（优质正品），XXL（优质正品），3XL（优质正品），4XL（优质正品），5XL（优质正品），6XL（优质正品），优质质量超好，质量问题包退，收藏送礼物，100%不起球不掉色，预售款28号出 | AY10: 卡通动漫 | AZ10: 长裙 | BA10: 其他/other | BC10: 其他 | BD10: 拼接，印花 | BF10: 其他 | BG10: 2015年夏季 | BI10: 常规 | BK10: 通勤 | BM10: 高腰 | BN10: 其他 | BP10: 18-24周岁 | BQ10: 短袖 | BR10: 衣服很舒服(464) ; 整体不错(414) ; 版型漂亮(157) ; 穿着效果好(156) ; 布料好(108) ; 大小合适(87) ;
A11: 9 | B11: 第 1 页 第 9 位 | C11: 2015夏装新款套装甜美两件套女装裙子 欧洲站夏季短裙雪纺连衣裙 | E11: 118 | F11: 0.322 | G11: 38 | H11: 38 | I11: 12720 | J11: 包邮 | K11: 12729 | L11: 0.0149 | M11: 14498 | N11: 0.0128 | O11: 550924 | P11: 0.01 | Q11: 111246 | R11: 654964 | S11: 0.1699 | T11: 68 | U11: 15242 | Y11: 卖家承诺72小时内发货|8天退货，退货邮费买家承担|蚂蚁花呗|信用卡支付|集分宝|如实描述 | Z11: 广东广州 | AA11: wanwalkerman | AB11: 41112.482 | AC11: 5冠 | AD11: 4.7; 4.7; 4.6 | AE11: 139674 | AF11: 淘宝 | AG11: 0.9849 | AH11: 女装/女士精品 | AI11: 连衣裙 | AK11: 42239 | AL11: 0.95984954 | AM11: 0.2030787 | AN11: 日 | AO11: http://item.taobao.com/item.htm?id=45756314177 | AP11: http://item.kandianbao.com/45756314177/ | AQ11: 两件套 | AT11: 圆领 | AU11: 拉链 | AV11: 白色（一套），单件上衣，提示：马上涨价 | AX11: S，M，L，XL，2XL | AY11: 碎花 | AZ11: 短裙 | BC11: 雪纺 | BD11: 印花 | BF11: 公主裙 | BG11: 2015年夏季 | BI11: 常规 | BJ11: 三号线女装 | BK11: 甜美 | BL11: 公主 | BM11: 中腰 | BQ11: 短袖 | BR11: 板型很好(1890) ; 质量蛮好(1833) ; 穿着美(875) ; 很舒服(818) ; 码子很准(704) ; 质量不行(187) ;
A12: 10 | B12: 第 1 页 第 10 位 | C12: 2015夏装新款韩版连衣裙背心裙修身高腰条纹小香风打底裙蓬蓬裙潮 | D12: 0 | E12: 64 | F12: 0.3594 | G12: 23 | H12: 23 | I12: 1554 | J12: 包邮 | K12: 12668 | L12: 0.0148 | M12: 15400 | N12: 0.0136 | O12: 354200 | P12: 0.0064 | Q12: 41830 | R12: 104826 | S12: 0.399 | T12: 5 | U12: 2857 | Y12: 8天退货，退货邮费买家承担|蚂蚁花呗|信用卡支付|集分宝|如实描述 | Z12: 广东广州 | AA12: 美丽呼吸韩版女装 | AB12: 41945.814 | AC12: 1冠 | AD12: 4.7; 4.7; 4.6 | AE12: 3932 | AF12: 淘宝 | AG12: 0.9802 | AH12: 女装/女士精品 | AI12: 连衣裙 | AK12: 42241 | AL12: 0.9172338 | AM12: 2天3时51分4秒 | AN12: 二 | AO12: http://item.taobao.com/item.htm?id=520487212484 | AP12: http://item.kandianbao.com/520487212484/ | AQ12: 单件 | AR12: 81%(含)-90%(含) | AU12: 套头 | AV12: 商城优质版不起球，普通版偏短偏小，普通版轻微起球，请购买商城优质版 | AW12: 韩版 | AX12: XXL，提示：面料有弹性，S，M，L，XL | AY12: 条纹 | AZ12: 短裙 | BA12: 其他/other | BD12: 拼接 | BE12: 0 | BF12: 公主裙 | BG12: 2015年夏季 | BJ12: 无 | BK12: 通勤 | BM12: 高腰 | BN12: 其他 | BP12: 18-24周岁 | BR12: 质量好(64) ; 很便宜(53) ; 版型好(53) ; 衣衣很舒服(43) ; 穿上好看(33) ; 尺寸很准(24) ;
A13: 11 | B13: 第 1 页 第 11 位 | C13: 2015新雪纺连衣裙大码女装夏装淑女超长款裙子显瘦气质连衣长裙夏 | D13: QDY15B4018 | E13: 103 | F13: 0.5631 | G13: 58 | H13: 58 | I13: 4545 | J13: 包邮 | K13: 11097 | L13: 0.013 | M13: 13899 | N13: 0.0123 | O13: 806142 | P13: 0.0146 | Q13: 71664 | R13: - | S13: - | T13: 20 | U13: 18384 | Z13: 广东广州 | AA13: 迪悠旗舰店 | AB13: 41478.726 | AC13: 4冠 | AD13: 4.8; 4.8; 4.8 | AE13: 51366 | AF13: 天猫 | AG13: 1 | AH13: 女装/女士精品 | AI13: 连衣裙 | AK13: 42242 | AL13: 0.72231481 | AM13: 2天23时10分23秒 | AN13: 三 | AO13: http://item.taobao.com/item.htm?id=45728286943 | AP13: http://item.kandianbao.com/45728286943/ | AQ13: 其他 | AR13: 95%以上 | AT13: 圆领 | AU13: 套头 | AV13: 酒红色，黑色 | AW13: 淑女 | AX13: S，M，L，XL，2XL，3XL，4XL，5XL | AY13: 纯色 | AZ13: 长裙 | BA13: 其他/other | BB13: 纯电商(只在线上销售) | BC13: 雪纺 | BD13: 蝴蝶结，镂空，系带 | BE13: QDY15B4018 | BF13: 不规则裙 | BG13: 2015年夏季 | BH13: 聚酯纤维100% | BI13: 衬衫袖 | BJ13: 迪悠 | BK13: 通勤 | BM13: 高腰 | BN13: 涤纶 | BP13: 25-29周岁 | BQ13: 短袖 | BR13: 衣服不错(3789) ; 穿着效果好(3322) ; 式样好(2915) ; 衣服很舒服(1824) ; 颜色挺正(1338) ; 做工一般(269) ;
A14: 12 | B14: 第 1 页 第 12 位 | C14: 韩国代购2015夏季新款女装纯棉麻短袖衬衫裙中长款甜美连衣裙子 | D14: WQ057 | E14: 428 | F14: 0.0751 | G14: 32.14 | H14: 32.14 | I14: 10597 | J14: 包邮 | K14: 10980 | L14: 0.0128 | M14: 11642 | N14: 0.0103 | O14: 374173.88 | P14: 0.0068 | Q14: 49080 | R14: 58539 | S14: 0.8384 | T14: 3 | U14: 4712 | Y14: 7天无理由|蚂蚁花呗|信用卡支付|集分宝|如实描述 | Z14: 浙江杭州 | AA14: 普拉达8606 | AB14: 40356.066 | AC14: 1冠 | AD14: 4.7; 4.7; 4.6 | AE14: 2128 | AF14: 淘宝 | AG14: 0.948 | AH14: 女装/女士精品 | AI14: 连衣裙 | AK14: 42241 | AL14: 0.87515046 | AM14: 2天2时50分28秒 | AN14: 二 | AO14: http://item.taobao.com/item.htm?id=520178820639 | AP14: http://item.kandianbao.com/520178820639/ | AQ14: 单件 | AR14: 51%(含)-70%(含) | AS14: H型 | AT14: POLO领 | AU14: 单排扣 | AV14: 即将涨价，浅蓝色 | AW14: 韩版 | AX14: S，M，L，XL | AY14: 条纹 | AZ14: 中裙 | BE14: WQ057 | BF14: A字裙 | BG14: 2015年夏季 | BI14: 常规 | BJ14: werokee | BK14: 通勤 | BM14: 高腰 | BN14: 棉 | BQ14: 短袖 | BR14: 整体不错(214) ; 版式好(168) ; 穿着效果好(115) ; 衣服很舒服(72) ; 尺码很准(56) ; 颜色挺正(54) ;
A15: 13 | B15: 第 1 页 第 13 位 | C15: 2015夏装女装长裙子夏季中长款拼接修身大码优雅印花雪纺连衣裙女 | D15: 2YF001-1213 | E15: 498 | F15: 0.0596 | G15: 29.7 | H15: 29.7 | I15: 102289 | J15: 5 | K15: 10964 | L15: 0.0128 | M15: 14074 | N15: 0.0124 | O15: 417997.8 | P15: 0.0076 | Q15: 54144 | R15: - | S15: - | T15: 10 | U15: 10971 | W15: 满3件，享包邮，送3元优惠券 | Z15: 浙江杭州 | AA15: 漫兰飘香旗舰店 | AB15: 41746.487 | AC15: 4冠 | AD15: 4.6; 4.6; 4.8 | AE15: 45399 | AF15: 天猫 | AG15: 1 | AH15: 女装/女士精品 | AI15: 连衣裙 | AK15: 42244 | AL15: 0.66400463 | AM15: 4天21时46分25秒 | AN15: 五 | AO15: http://item.taobao.com/item.htm?id=45622403217 | AP15: http://item.kandianbao.com/45622403217/ | AQ15: 单件 | AR15: 95%以上 | AS15: A型 | AT15: 圆领 | AU15: 套头 | AV15: 白色，粉花，黄花 | AW15: 淑女 | AX15: M，L，XL，2XL，3XL，4XL，5XL | AY15: 碎花 | AZ15: 中长裙 | BA15: 其他/other | BB15: 纯电商(只在线上销售) | BC15: 雪纺 | BD15: 蝴蝶结，荷叶边，抽褶，褶皱，纱网，拉链，印花 | BE15: 2YF001-1213 | BF15: 公主裙 | BG15: 2015年夏季 | BH15: 聚酯纤维100% | BI15: 常规 | BJ15: 漫兰飘香 | BK15: 通勤 | BM15: 高腰 | BN15: 涤纶 | BP15: 25-29周岁 | BQ15: 短袖 | BR15: 整体不错(1854) ; 版型好看(1297) ; 很舒服(785) ; 穿着美(623) ; 衣服很合身(589) ; 不合身(296) ;
A16: 14 | B16: 第 1 页 第 14 位 | C16: 棉麻连衣裙女2015夏季韩版学生小清新短袖中裙女文艺范亚麻裙子潮 | E16: 138 | F16: 0.2246 | G16: 31 | H16: 31 | I16: 50031 | J16: 包邮 | K16: 10740 | L16: 0.0125 | M16: 12348 | N16: 0.0109 | O16: 382788 | P16: 0.0069 | Q16: 60956 | R16: 119568 | S16: 0.5098 | T16: 7 | U16: 6754 | Y16: 10天退货，退货邮费买家承担|蚂蚁花呗|信用卡支付|集分宝|如实描述 | Z16: 浙江杭州 | AA16: 潮流女装62 | AB16: 41300.351 | AC16: 2冠 | AD16: 4.6; 4.7; 4.6 | AE16: 6812 | AF16: 淘宝 | AG16: 0.9722 | AH16: 女装/女士精品 | AI16: 连衣裙 | AK16: 42240 | AL16: 0.875 | AM16: 1天2时50分15秒 | AN16: 一 | AO16: http://item.taobao.com/item.htm?id=520101954838 | AP16: http://item.kandianbao.com/520101954838/ | AQ16: 单件 | AR16: 71%(含)-80%(含) | AS16: A型 | AT16: 圆领 | AU16: 套头 | AV16: 浅蓝色（优质版），粉红色(优质版），藏青色（优质版），粉红色，浅蓝色，藏青色 | AX16: S，M，L，XL | AY16: 格子 | AZ16: 中裙 | BC16: 织锦 | BD16: 蝴蝶结，系带 | BF16: A字裙 | BG16: 2015年夏季 | BI16: 常规 | BK16: 甜美 | BL16: 日系 | BM16: 中腰 | BN16: 麻 | BP16: 18-24周岁 | BQ16: 短袖 | BR16: 宝贝很赞(617) ; 外形好看(396) ; 很舒适(349) ; 穿着漂亮(279) ; 料子不错(177) ; 码数很准(161) ;
A17: 15 | B17: 第 1 页 第 15 位 | C17: jto 新款印花雪纺连衣裙夏喇叭袖松紧收腰显瘦短裙a字裙女062325 | E17: 87 | F17: 0.8 | G17: 69.6 | H17: 69.6 | I17: 1530 | J17: 包邮 | K17: 10634 | L17: 0.0124 | M17: 11950 | N17: 0.0105 | O17: 831720 | P17: 0.0151 | Q17: 120364 | R17: 252509 | S17: 0.4767 | T17: 4 | U17: 9848 | W17: 1.单笔订单满199元免运费(不包邮地区：内蒙古;黑龙江;甘肃;青海;新疆;西藏;台湾;香港;澳门;海外)，亲，快下手吧！ | Y17: 卖家承诺10天内发货|7天无理由|蚂蚁花呗|信用卡支付|集分宝|如实描述 | Z17: 浙江杭州 | AA17: zjforeverxxxx | AB17: 39643.925 | AC17: 2金冠 | AD17: 4.6; 4.7; 4.7 | AE17: 1458842 | AF17: 淘宝 | AG17: 0.9882 | AH17: 女装/女士精品 | AI17: 连衣裙 | AK17: 42239 | AL17: 0.92184028 | AM17: 0.16506944 | AN17: 日 | AO17: http://item.taobao.com/item.htm?id=520200646708 | AP17: http://item.kandianbao.com/520200646708/ | AQ17: 单件 | AR17: 81%(含)-90%(含) | AT17: 圆领 | AU17: 套头 | AV17: 白色，黑色 | AX17: S，M，L，XL | AY17: 花色 | AZ17: 短裙 | BA17: 其他/other | BC17: 雪纺 | BD17: 印花 | BF17: 其他 | BG17: 2015年夏季 | BI17: 喇叭袖 | BK17: 甜美 | BL17: 公主 | BM17: 松紧腰 | BP17: 18-24周岁 | BQ17: 五分袖 | BR17: 版型好(911) ; 宝贝很赞(688) ; 穿上好看(638) ; 衣衣很舒服(256) ; 尺寸很准(174) ; 发货服务差(76) ;
A18: 16 | B18: 第 1 页 第 16 位 | C18: 2015夏季新款小香风条纹胖MM背心连衣裙宽松大码蓬蓬裙高腰娃娃衫 | E18: 262 | F18: 0.0916 | G18: 24 | H18: 24 | I18: 457803 | J18: 包邮 | K18: 10333 | L18: 0.0121 | M18: 11330 | N18: 0.01 | O18: 271920 | P18: 0.0049 | Q18: 66934 | R18: 44914 | S18: 1.4903 | T18: 3 | U18: 2226 | Y18: 7天无理由|蚂蚁花呗|信用卡支付|集分宝|如实描述 | Z18: 广东广州 | AA18: 小小盼z | AB18: 41568.556 | AC18: 3冠 | AD18: 4.4; 4.5; 4.4 | AE18: 12566 | AF18: 淘宝 | AG18: 0.9443 | AH18: 女装/女士精品 | AI18: 连衣裙 | AK18: 42245 | AL18: 0.9190162 | AM18: 6天3时53分38秒 | AN18: 六 | AO18: http://item.taobao.com/item.htm?id=520448498247 | AP18: http://item.kandianbao.com/520448498247/ | AQ18: 单件 | AR18: 81%(含)-90%(含) | AT18: 圆领 | AU18: 拉链 | AV18: 图片色 优质布料，图片色 普通布料 | AW18: 淑女 | AX18: S，M，L，XL，2XL | AY18: 条纹 | AZ18: 中长裙 | BA18: 其他/other | BC18: 绸缎 | BD18: 蝴蝶结，树脂固色，蕾丝 | BF18: 大摆型 | BG18: 2015年夏季 | BI18: 蝙蝠袖 | BK18: 通勤 | BM18: 中腰 | BN18: 棉 | BP18: 18-24周岁 | BQ18: 无袖 | BR18: 整体不错(49) ; 版型好看(38) ; 衣服很舒服(29) ; 穿着效果好(25) ; 很划算(18) ; 快递不错(16) ;
A19: 17 | B19: 第 1 页 第 17 位 | C19: 2015韩系小清新套装连衣裙女春夏白领拼接两件套装裙吊带背心裙潮 | D19: fashion326 | E19: 127 | F19: 0.2126 | G19: 27 | H19: 27 | I19: 185972 | J19: 包邮 | K19: 10281 | L19: 0.012 | M19: 12390 | N19: 0.0109 | O19: 334530 | P19: 0.0061 | Q19: 85032 | R19: 77105 | S19: 1.1028 | T19: 9 | U19: 5282 | W19: 1.单笔订单满10元免运费(不包邮地区：台湾;香港;澳门;海外)，亲，快下手吧！|2.单笔订单满88元减4元；减后满88元，免运费(不包邮地区：台湾;香港;澳门;海外)，亲，快下手吧！|3.单笔订单满168元减8元；减后满168元，免运费(不包邮地区：台湾;香港;澳门;海外)，亲，快下手吧！|4.单笔订单满328元减16元；减后满328元，免运费(不包邮地区：台湾;香港;澳门;海外)，亲，快下手吧！|5.单笔订单满528元减20元；减后满528元，免运费(不包邮地区：台湾;香港;澳门;海外)，亲，快下手吧！ | Y19: 8天退货，退货邮费买家承担|蚂蚁花呗|信用卡支付|集分宝|如实描述 | Z19: 浙江杭州 | AA19: fashion时尚依馆 | AB19: 41620.015 | AC19: 3冠 | AD19: 4.6; 4.7; 4.6 | AE19: 31264 | AF19: 淘宝 | AG19: 0.9858 | AH19: 女装/女士精品 | AI19: 连衣裙 | AK19: 42245 | AL19: 0.875 | AM19: 6天2时50分15秒 | AN19: 六 | AO19: http://item.taobao.com/item.htm?id=45449529737 | AP19: http://item.kandianbao.com/45449529737/ | AQ19: 两件套 | AR19: 95%以上 | AT19: V领 | AU19: 套头 | AV19: 单件罩衫，图片色 两件套，单条黑背心 | AW19: 韩版 | AX19: 质量保证，限今特价，S，M，L，XL，2XL | AY19: 纯色 | AZ19: 中长裙 | BA19: 其他/other | BC19: 织锦 | BE19: fashion326 | BF19: 铅笔裙 | BG19: 2015年夏季 | BI19: 常规 | BJ19: fashion | BK19: 通勤 | BM19: 中腰 | BN19: 棉 | BQ19: 短袖 | BR19: 质量蛮好(640) ; 很舒服(408) ; 穿着美(350) ; 式样好(330) ; 尺码很好(187) ; 质量不行(35) ;
A20: 18 | B20: 第 1 页 第 18 位 | C20: 2015夏季包臀莫代尔长裙连衣裙大码吊带修身打底背心裙长款长裙 | E20: 89 | F20: 0.3247 | G20: 28.9 | H20: 28.9 | I20: 173717 | J20: 包邮 | K20: 10127 | L20: 0.0118 | M20: 13577 | N20: 0.012 | O20: 392375.3 | P20: 0.0071 | Q20: 29294 | R20: 57926 | S20: 0.5057 | T20: 9 | U20: 4994 | Y20: 卖家承诺72小时内发货|7天无理由|蚂蚁花呗|信用卡支付|集分宝|如实描述 | Z20: 浙江杭州 | AA20: 名款城 | AB20: 40771.765 | AC20: 3冠 | AD20: 4.8; 4.8; 4.7 | AE20: 12999 | AF20: 淘宝 | AG20: 0.9874 | AH20: 女装/女士精品 | AI20: 连衣裙 | AK20: 42241 | AL20: 0.67261574 | AM20: 1天21时58分49秒 | AN20: 二 | AO20: http://item.taobao.com/item.htm?id=520135988843 | AP20: http://item.kandianbao.com/520135988843/ | AQ20: 单件 | AR20: 51%(含)-70%(含) | AS20: H型 | AT20: 圆领 | AU20: 套头 | AV20: 黑色（大裙摆），深灰（大裙摆），浅灰（大裙摆），黑色（小裙摆款），深灰（小裙摆款），浅灰（小裙摆款） | AW20: 韩版 | AX20: S，M，L，XL，2XL | AY20: 纯色 | AZ20: 长裙 | BA20: 吊带 | BC20: 其他 | BF20: 一步裙 | BG20: 2015年夏季 | BI20: 其他 | BK20: 通勤 | BM20: 高腰 | BN20: 莫代尔 | BP20: 18-24周岁 | BQ20: 无袖 | BR20: 衣服很舒服(573) ; 质量蛮好(541) ; 穿着效果好(430) ; 版式好(207) ; 尺码很准(204) ; 衣服蛮薄(51) ;
A21: 19 | B21: 第 1 页 第 19 位 | C21: 两件套连衣裙欧洲站2015夏装新款套装雪纺裙子背心休闲短裙气质潮 | E21: 128 | F21: 0.2891 | G21: 37 | H21: 37 | I21: 680 | J21: 包邮 | K21: 8894 | L21: 0.0104 | M21: 12223 | N21: 0.0108 | O21: 452251 | P21: 0.0082 | Q21: 43082 | R21: 78608 | S21: 0.5481 | T21: 2 | U21: 1137 | Y21: 卖家承诺72小时内发货|8天退货，退货邮费买家承担|蚂蚁花呗|信用卡支付|集分宝|如实描述 | Z21: 广东广州 | AA21: 随心良品 | AB21: 41426.388 | AC21: 4冠 | AD21: 4.8; 4.8; 4.8 | AE21: 23117 | AF21: 淘宝 | AG21: 0.9846 | AH21: 女装/女士精品 | AI21: 连衣裙 | AK21: 42242 | AL21: 0.9587963 | AM21: 3天4时50分55秒 | AN21: 三 | AO21: http://item.taobao.com/item.htm?id=520523704111 | AP21: http://item.kandianbao.com/520523704111/ | AQ21: 两件套 | AR21: 81%(含)-90%(含) | AS21: A型 | AT21: 圆领 | AU21: 一粒扣 | AV21: 单件裙子，单件雪纺背心，上衣+短裙套装，提示：马上停产哦 | AX21: S【优质加内衬】，M【优质加内衬】，L【优质加内衬】 | AY21: 抽象图案 | AZ21: 短裙 | BA21: 吊带 | BC21: 雪纺 | BD21: 拼接，纽扣，拉链，印花 | BF21: A字裙 | BG21: 2015年夏季 | BI21: 常规 | BK21: 街头 | BM21: 高腰 | BN21: 其他 | BO21: 欧美 | BP21: 25-29周岁 | BQ21: 无袖 | BR21: 衣服不错(37) ; 穿着效果好(17) ; 版型漂亮(16) ; 便宜(11) ; 服务态度好(9) ; 衣服很舒服(8) ;
A22: 20 | B22: 第 1 页 第 20 位 | C22: 欧洲站2015夏装新款真丝雪纺水墨印花连衣裙收腰显瘦女裙子欧货 | D22: MY008 | E22: 988 | F22: 0.1615 | G22: 159.6 | H22: 159.6 | I22: 651 | J22: 包邮 | K22: 8733 | L22: 0.0102 | M22: 9760 | N22: 0.0086 | O22: 1557696 | P22: 0.0282 | Q22: 73194 | R22: 690856 | S22: 0.1059 | T22: 22 | U22: 5051 | Y22: 卖家承诺30天内发货|7天无理由|蚂蚁花呗|信用卡支付|集分宝|如实描述 | Z22: 浙江杭州 | AA22: zywj16叶伟林 | AB22: 39874.802 | AC22: 3冠 | AD22: 4.7; 4.8; 4.7 | AE22: 55049 | AF22: 淘宝 | AG22: 0.9758 | AH22: 女装/女士精品 | AI22: 连衣裙 | AK22: 42242 | AL22: 0.84722222 | AM22: 3天2时10分15秒 | AN22: 三 | AO22: http://item.taobao.com/item.htm?id=520386051081 | AP22: http://item.kandianbao.com/520386051081/ | AQ22: 单件 | AR22: 31%(含)-50%(含) | AS22: H型 | AT22: 圆领 | AU22: 单排扣 | AV22: 淡雅蓝 | AW22: 韩版 | AX22: S，M，L，XL，2XL | AY22: 花色 | AZ22: 中裙 | BA22: 其他/other | BC22: 雪纺 | BD22: 荷叶边，抽褶，印花 | BE22: MY008 | BF22: A字裙 | BG22: 2015年夏季 | BI22: 常规 | BK22: 通勤 | BM22: 宽松腰 | BN22: 其他 | BQ22: 七分袖 | BR22: 整体不错(42) ; 版型好(35) ; 尺寸很准(28) ; 很舒服(26) ; 穿着美(26) ; 颜色很好(17) ;
A23: 21 | B23: 第 1 页 第 21 位 | C23: 歌兔雪纺连衣裙夏季长裙2015夏装清仓特价修身显瘦中长款女装裙子 | D23: GT15CQZ69 | E23: 298 | F23: 0.2983 | G23: 88.9 | H23: 88.9 | I23: 8437 | J23: 包邮 | K23: 8355 | L23: 0.0098 | M23: 11294 | N23: 0.01 | O23: 1004036.6 | P23: 0.0182 | Q23: 145106 | R23: - | S23: - | T23: 130 | U23: 30222 | Z23: 浙江杭州 | AA23: 歌兔服饰旗舰店 | AB23: 41592.604 | AC23: 5冠 | AD23: 4.8; 4.8; 4.8 | AE23: 105194 | AF23: 天猫 | AG23: 1 | AH23: 女装/女士精品 | AI23: 连衣裙 | AK23: 42240 | AL23: 0.87575231 | AM23: 1天2时51分20秒 | AN23: 一 | AO23: http://item.taobao.com/item.htm?id=44548937074 | AP23: http://item.kandianbao.com/44548937074/ | AQ23: 单件 | AR23: 95%以上 | AT23: V领 | AU23: 套头 | AV23: 宝石蓝色，薄荷绿色，西瓜红，灰色，纯洁白色，嫩粉色，淡雅紫色，大红色，绿色，天空蓝色，淡黄色，魅力黑色 | AX23: S，M，L，XL，XXL，XS | AY23: 纯色 | AZ23: 长裙 | BA23: 其他/other | BC23: 雪纺 | BD23: 褶皱，拉链 | BE23: GT15CQZ69 | BF23: 大摆型 | BG23: 2015年夏季 | BH23: 新型聚酯纤维100% | BI23: 常规 | BJ23: 歌兔 | BK23: 通勤 | BM23: 中腰 | BN23: 其他 | BP23: 25-29周岁 | BQ23: 无袖 | BR23: 宝贝很赞(10561) ; 版型漂亮(6058) ; 穿着漂亮(5188) ; 很舒适(3834) ; 款式好看(3687) ; 物流慢(372) ;
A24: 22 | B24: 第 1 页 第 22 位 | C24: 2015夏季新款气质大码中裙文艺复古棉麻两件套连衣裙亚麻套装裙女 | E24: 144 | F24: 0.3056 | G24: 44 | H24: 44 | I24: 30212 | J24: 包邮 | K24: 8328 | L24: 0.0097 | M24: 13084 | N24: 0.0115 | O24: 575696 | P24: 0.0104 | Q24: 18992 | R24: 205427 | S24: 0.0925 | T24: 9 | U24: 923 | Y24: 7天无理由|蚂蚁花呗|信用卡支付|集分宝|如实描述 | Z24: 广东广州 | AA24: 陈燕芬yyen | AB24: 41568.538 | AC24: 5钻 | AD24: 4.8; 4.7; 4.7 | AE24: 2296 | AF24: 淘宝 | AG24: 0.9596 | AH24: 女装/女士精品 | AI24: 连衣裙 | AK24: 42243 | AL24: 0.45844907 | AM24: 3天16时50分25秒 | AN24: 四 | AO24: http://item.taobao.com/item.htm?id=520826757637 | AP24: http://item.kandianbao.com/520826757637/ | AQ24: 两件套 | AR24: 51%(含)-70%(含) | AT24: 圆领 | AU24: 套头 | AV24: 粉色【两件套】，灰色【两件套】，绿色【两件套】，粉色外套，灰色外套，绿色外套，背心单件 | AW24: 复古 | AX24: S，M，L，XL，2XL，3XL | AY24: 纯色 | AZ24: 长裙 | BA24: 其他/other | BD24: 荷叶边，不对称，纽扣 | BF24: 大摆型 | BG24: 2015年夏季 | BI24: 常规 | BK24: 通勤 | BM24: 宽松腰 | BP24: 25-29周岁 | BQ24: 五分袖 | BR24: 很舒服(31) ; 外形好看(21) ; 衣服不错(16) ; 很划算(14) ; 穿着美(13) ; 码数很准(11) ;
A25: 23 | B25: 第 1 页 第 23 位 | C25: 2015韩版小清新性感露肩收腰碎花连衣裙夏女学生修身显瘦雪纺裙子 | E25: 139 | F25: 0.1727 | G25: 24 | H25: 24 | I25: 152744 | J25: 包邮 | K25: 8296 | L25: 0.0097 | M25: 9094 | N25: 0.008 | O25: 218256 | P25: 0.004 | Q25: 61206 | R25: 88663 | S25: 0.6903 | T25: 2 | U25: 7632 | Y25: 7天无理由|蚂蚁花呗|信用卡支付|集分宝|如实描述 | Z25: 广东广州 | AA25: 小小盼z | AB25: 41568.556 | AC25: 3冠 | AD25: 4.4; 4.5; 4.4 | AE25: 12566 | AF25: 淘宝 | AG25: 0.9443 | AH25: 女装/女士精品 | AI25: 连衣裙 | AK25: 42239 | AL25: 0.91447917 | AM25: 0.15770833 | AN25: 日 | AO25: http://item.taobao.com/item.htm?id=45781507725 | AP25: http://item.kandianbao.com/45781507725/ | AQ25: 单件 | AR25: 31%(含)-50%(含) | AT25: 圆领 | AU25: 其他 | AV25: 白色 优质雪纺，黑色 优质雪纺，白色 普通布料，黑色 普通布料 | AW25: 韩版 | AX25: 收藏送礼，S，M，L，XL，2XL | AY25: 碎花 | AZ25: 中裙 | BA25: 其他/other | BC25: 雪纺 | BD25: 印花 | BG25: 2015年夏季 | BI25: 其他 | BK25: 通勤 | BM25: 松紧腰 | BN25: 其他 | BP25: 18-24周岁 | BQ25: 短袖 | BR25: 版式好(733) ; 整体不错(682) ; 很舒服(472) ; 穿着美(408) ; 尺码很准(183) ; 物流太慢(86) ;
A26: 24 | B26: 第 1 页 第 24 位 | C26: 欧洲站2015新款夏季印花连衣裙欧根纱高腰短裙韩版背心裙女装包邮 | D26: 1005 | E26: 336 | F26: 0.5298 | G26: 178 | H26: 178 | I26: 5433 | J26: 包邮 | K26: 8293 | L26: 0.0097 | M26: 10574 | N26: 0.0093 | O26: 1882172 | P26: 0.0341 | Q26: 154226 | R26: 749378 | S26: 0.2058 | T26: 78 | U26: 2177 | Y26: 卖家承诺48小时内发货|7天无理由|蚂蚁花呗|信用卡支付|集分宝|如实描述 | Z26: 浙江杭州 | AA26: 童年梦之路 | AB26: 41902.902 | AC26: 1冠 | AD26: 4.6; 4.7; 4.6 | AE26: 37061 | AF26: 淘宝 | AG26: 0.9791 | AH26: 女装/女士精品 | AI26: 连衣裙 | AK26: 42244 | AL26: 0.91806713 | AM26: 5天3时52分16秒 | AN26: 五 | AO26: http://item.taobao.com/item.htm?id=520543428983 | AP26: http://item.kandianbao.com/520543428983/ | AQ26: 单件 | AR26: 81%(含)-90%(含) | AS26: A型 | AT26: 娃娃领 | AU26: 套头 | AV26: 【专属女神范】 | AX26: S，M，L，XL，2XL | AY26: 碎花 | AZ26: 短裙 | BA26: 其他/other | BC26: 欧根纱 | BD26: 印花 | BE26: 1005 | BF26: 百褶裙 | BG26: 2015年夏季 | BI26: 其他 | BK26: 甜美 | BL26: 田园 | BM26: 高腰 | BN26: 棉 | BQ26: 无袖 | BR26: 外形好看(29) ; 穿着效果好(25) ; 质量蛮好(24) ; 衣服很舒服(20) ; 服务态度好(18) ; 做工很赞(17) ;
A27: 25 | B27: 第 1 页 第 25 位 | C27: 2015夏装大码女装超长两件套拼接款修身蕾丝中裙子印花雪纺连衣裙 | D27: 2YF001-6658 | E27: 128 | F27: 0.232 | G27: 29.7 | H27: 29.7 | I27: 24279 | J27: 5 | K27: 8239 | L27: 0.0096 | M27: 10091 | N27: 0.0089 | O27: 299702.7 | P27: 0.0054 | Q27: 19022 | R27: - | S27: - | T27: 1 | U27: 3941 | W27: 满3件，享包邮，送3元优惠券 | Z27: 浙江杭州 | AA27: 漫兰飘香旗舰店 | AB27: 41746.487 | AC27: 4冠 | AD27: 4.6; 4.6; 4.8 | AE27: 45399 | AF27: 天猫 | AG27: 1 | AH27: 女装/女士精品 | AI27: 连衣裙 | AK27: 42241 | AL27: 0.86111111 | AM27: 2天2时30分15秒 | AN27: 二 | AO27: http://item.taobao.com/item.htm?id=520518136294 | AP27: http://item.kandianbao.com/520518136294/ | AQ27: 假两件 | AR27: 95%以上 | AS27: A型 | AT27: 圆领 | AU27: 套头 | AV27: 粉色，浅绿色 | AW27: 淑女 | AX27: M，L，XL，XXL | AY27: 碎花 | AZ27: 中裙 | BA27: 其他/other | BB27: 纯电商(只在线上销售) | BC27: 雪纺 | BD27: 荷叶边，抽褶，褶皱，拼接，印花 | BE27: 2YF001-6658 | BF27: 公主裙 | BG27: 2015年夏季 | BH27: 聚酯纤维100% | BI27: 泡泡袖 | BJ27: 漫兰飘香 | BK27: 通勤 | BM27: 中腰 | BN27: 涤纶 | BP27: 25-29周岁 | BQ27: 短袖 | BR27: 宝贝很赞(466) ; 版式好(343) ; 尺码很准(175) ; 穿着漂亮(155) ; 很舒适(148) ; 尺码不对(58) ;
A28: 26 | B28: 第 1 页 第 26 位 | C28: 彩黛妃2015春夏季新款女装性感气质短袖修身显瘦连衣裙韩版L0180 | D28: L0180 | E28: 128 | F28: 0.1547 | G28: 19.8 | H28: 19.8 | I28: 13683 | J28: 包邮 | K28: 7986 | L28: 0.0093 | M28: 10582 | N28: 0.0093 | O28: 209523.6 | P28: 0.0038 | Q28: 29880 | R28: - | S28: - | T28: 7 | U28: 9696 | Z28: 江苏宿迁 | AA28: 彩黛妃旗舰店 | AB28: 41723.451 | AC28: 1金冠 | AD28: 4.6; 4.6; 4.8 | AE28: 308260 | AF28: 天猫 | AG28: 1 | AH28: 女装/女士精品 | AI28: 连衣裙 | AK28: 42243 | AL28: 0.41960648 | AM28: 3天15时54分29秒 | AN28: 四 | AO28: http://item.taobao.com/item.htm?id=45315416266 | AP28: http://item.kandianbao.com/45315416266/ | AQ28: 单件 | AR28: 95%以上 | AT28: 圆领 | AU28: 套头 | AV28: 十字格 | AW28: 韩版 | AX28: S，M，L，XL，XXL | AY28: 其他 | AZ28: 短裙 | BA28: 其他/other | BC28: 针织 | BE28: L0180 | BF28: 其他 | BG28: 2015年夏季 | BH28: 聚酯纤维94.8% 聚氨酯弹性纤维(氨纶)5.2% | BI28: 常规 | BJ28: 彩黛妃 | BK28: 通勤 | BM28: 高腰 | BN28: 涤纶 | BP28: 25-29周岁 | BQ28: 短袖 | BR28: 宝贝很赞(1715) ; 版型好(1021) ; 穿着漂亮(966) ; 尺寸很准(729) ; 很舒适(574) ; 尺码不对(253) ;
A29: 27 | B29: 第 1 页 第 27 位 | C29: 2015夏季新款韩版女装休闲套装连衣裙裤短袖t恤雪纺衫短裙两件套 | E29: 78 | F29: 0.4872 | G29: 38 | H29: 38 | I29: 268870 | J29: 包邮 | K29: 7916 | L29: 0.0092 | M29: 9298 | N29: 0.0082 | O29: 353324 | P29: 0.0064 | Q29: 21184 | R29: 54126 | S29: 0.3914 | T29: 15 | U29: 3152 | Y29: 卖家承诺72小时内发货|7天无理由|蚂蚁花呗|信用卡支付|集分宝|如实描述 | Z29: 广东广州 | AA29: 雅丹娜韩版女装 | AB29: 41586.934 | AC29: 3冠 | AD29: 4.5; 4.5; 4.4 | AE29: 8607 | AF29: 淘宝 | AG29: 0.9494 | AH29: 女装/女士精品 | AI29: 连衣裙 | AK29: 42240 | AL29: 0.44097222 | AM29: 0.68420139 | AN29: 一 | AO29: http://item.taobao.com/item.htm?id=520090687820 | AP29: http://item.kandianbao.com/520090687820/ | AQ29: 两件套 | AR29: 81%(含)-90%(含) | AT29: 圆领 | AU29: 套头 | AV29: 白色短袖上衣，黑色短袖上衣，红色短袖上衣，黑色短裙，红色短裙，短袖白衣+黑裙，短袖白衣+红裙，短袖黑衣+黑裙，短袖黑衣+红裙，短袖红衣+黑裙，短袖红衣+红裙，白色长袖上衣，红色长袖上衣，长袖红衣+黑裙，长袖白衣+黑裙，长袖白衣+红裙，长袖红衣+红裙 | AW29: 韩版 | AX29: S，M，L，XL，2XL | AY29: 纯色 | AZ29: 短裙 | BA29: 其他/other | BC29: 雪纺 | BD29: 蝴蝶结，荷叶边，抽褶，拼接，纽扣 | BF29: 百褶裙 | BG29: 2015年夏季 | BI29: 泡泡袖 | BK29: 通勤 | BM29: 中腰 | BN29: 棉 | BQ29: 短袖 | BR29: 质量好(368) ; 外形好看(297) ; 穿上好看(131) ; 衣衣很舒服(130) ; 码数很准(100) ; 款式蛮好(71) ;
A30: 28 | B30: 第 1 页 第 28 位 | C30: 1嫣洛-dl04新款2015夏装韩版女装圆领时髦女郎印花收腰连衣裙F-29 | E30: 110 | F30: 0.49 | G30: 53.9 | H30: 53.9 | I30: 3457 | J30: 包邮 | K30: 7704 | L30: 0.009 | M30: 8426 | N30: 0.0074 | O30: 454161.4 | P30: 0.0082 | Q30: 73858 | R30: 638129 | S30: 0.1157 | T30: 57 | U30: 11990 | Y30: 7天无理由|集分宝|支付宝支付|如实描述 | Z30: 浙江杭州 | AA30: 日韩女装专卖 | AB30: 39140.893 | AC30: 4金冠 | AD30: 4.6; 4.7; 4.6 | AE30: 4387178 | AF30: 淘宝 | AG30: 0.9879 | AH30: 女装/女士精品 | AI30: 连衣裙 | AK30: 42242 | AL30: 0.41898148 | AM30: 2天15时53分35秒 | AN30: 三 | AO30: http://item.taobao.com/item.htm?id=520232454502 | AP30: http://item.kandianbao.com/520232454502/ | AQ30: 单件 | AR30: 30%及以下 | AT30: 圆领 | AU30: 套头 | AV30: 米白色，蓝色 | AX30: S，M，L，XL | AY30: 人物 | AZ30: 中长裙 | BD30: 系带，印花 | BF30: 其他 | BG30: 2015年夏季 | BI30: 常规 | BK30: 通勤 | BM30: 松紧腰 | BP30: 18-24周岁 | BQ30: 短袖 | BR30: 版型漂亮(1343) ; 宝贝很赞(1252) ; 很舒适(1106) ; 穿着漂亮(894) ; 大小合适(650) ; 面料一般(163) ;
A31: 29 | B31: 第 1 页 第 29 位 | C31: 2015夏季韩国碎花打底吊带裙女装修身背带短裙雪纺收腰显瘦连衣裙 | E31: 43 | F31: 0.4884 | G31: 21 | H31: 21 | I31: 17788 | J31: 包邮 | K31: 7573 | L31: 0.0088 | M31: 8794 | N31: 0.0078 | O31: 184674 | P31: 0.0033 | Q31: 26472 | R31: 28697 | S31: 0.9225 | T31: 7 | U31: 1892 | Y31: 7天无理由|集分宝|支付宝支付|如实描述 | Z31: 广东广州 | AA31: 小晗子家 | AB31: 41733.533 | AC31: 5钻 | AD31: 4.7; 4.7; 4.6 | AE31: 6583 | AF31: 淘宝 | AG31: 0.9777 | AH31: 女装/女士精品 | AI31: 连衣裙 | AK31: 42245 | AL31: 0.63194444 | AM31: 5天21时0分15秒 | AN31: 六 | AO31: http://item.taobao.com/item.htm?id=520063878818 | AP31: http://item.kandianbao.com/520063878818/ | AQ31: 单件 | AR31: 71%(含)-80%(含) | AT31: 圆领 | AU31: 套头 | AV31: 浅黄底花 好质量，黑底花 好质量 | AW31: 韩版 | AX31: M码 质量保证，L码 质量保证，XL码 质量保证，XL码 普通质量 | AY31: 碎花 | AZ31: 短裙 | BA31: 背带 | BC31: 其他 | BD31: 褶皱，拼接 | BF31: 公主裙 | BG31: 2015年夏季 | BI31: 常规 | BK31: 通勤 | BM31: 高腰 | BQ31: 无袖 | BR31: 质量好(140) ; 很舒适(108) ; 版型好(94) ; 穿着漂亮(85) ; 尺寸很准(52) ; 没有色差(34) ;
A32: 30 | B32: 第 1 页 第 30 位 | C32: 中年妈妈装中老年连衣裙35-40-45-50岁大码妇女装短袖花裙子夏装 | D32: 1305 | E32: 128 | F32: 0.1779 | G32: 22.77 | H32: 22.77 | I32: 5070 | J32: 包邮 | K32: 7510 | L32: 0.0088 | M32: 15345 | N32: 0.0135 | O32: 349405.65 | P32: 0.0063 | Q32: 28944 | R32: 482843 | S32: 0.0599 | T32: 620 | U32: 12841 | Y32: 8天退货，退货邮费买家承担|蚂蚁花呗|信用卡支付|集分宝|如实描述 | Z32: 北京 | AA32: 945xujie945 | AB32: 41423.361 | AC32: 3冠 | AD32: 4.7; 4.7; 4.7 | AE32: 5740 | AF32: 淘宝 | AG32: 0.9927 | AH32: 女装/女士精品 | AI32: 连衣裙 | AK32: 42239 | AL32: 0.86365741 | AM32: 0.10688657 | AN32: 日 | AO32: http://item.taobao.com/item.htm?id=38096663728 | AP32: http://item.kandianbao.com/38096663728/ | AQ32: 单件 | AR32: 95%以上 | AS32: A型 | AT32: 其他 | AU32: 套头 | AV32: 03色，05色，08色，09色，10色，11色，12色，13色，15色，16色，18色，25色，29色，26色，19色，27色，28色，21色，20色，22色，23色，17色藏蓝底，宝蓝色，深紫色 | AW32: 民族风 | AX32: 衣服偏小点，拿不准参考尺码表，L，XL，2XL，3XL，4XL | AY32: 花色 | AZ32: 中长裙 | BA32: 其他/other | BC32: 其他 | BD32: 印花 | BE32: 1305 | BF32: 大摆型 | BG32: 2015年夏季 | BI32: 常规 | BJ32: 康之轩 | BK32: 通勤 | BM32: 中腰 | BN32: 其他 | BP32: 40-49周岁 | BQ32: 短袖 | BR32: 宝贝很赞(1543) ; 衣衣很舒服(1438) ; 外形好看(1006) ; 人群(991) ; 穿上好看(672) ; 物流慢(117) ;
A33: 31 | B33: 第 1 页 第 31 位 | C33: 2015夏季新款修身背心裙 欧美竖条纹显瘦无袖连衣裙V领蓬蓬连衣裙 | E33: 111 | F33: 0.2432 | G33: 27 | H33: 27 | I33: 26367 | J33: 包邮 | K33: 7452 | L33: 0.0087 | M33: 7822 | N33: 0.0069 | O33: 211194 | P33: 0.0038 | Q33: 36440 | R33: 73622 | S33: 0.495 | T33: 6 | U33: 4974 | Y33: 卖家承诺72小时内发货|7天无理由|蚂蚁花呗|信用卡支付|集分宝|如实描述 | Z33: 广东广州 | AA33: 潮_流范儿 | AB33: 41738.737 | AC33: 2冠 | AD33: 4.6; 4.6; 4.5 | AE33: 5722 | AF33: 淘宝 | AG33: 0.9699 | AH33: 女装/女士精品 | AI33: 连衣裙 | AK33: 42239 | AL33: 0.92021991 | AM33: 0.16344907 | AN33: 日 | AO33: http://item.taobao.com/item.htm?id=520589940228 | AP33: http://item.kandianbao.com/520589940228/ | AQ33: 单件 | AR33: 51%(含)-70%(含) | AS33: A型 | AT33: V领 | AU33: 套头 | AV33: 图色【优质面料】，【普通粗糙版】 | AX33: S，M，L，XL | AY33: 条纹 | AZ33: 中裙 | BA33: 背带 | BC33: 其他 | BF33: 公主裙 | BG33: 2015年夏季 | BI33: 常规 | BK33: 甜美 | BL33: 学院 | BM33: 中腰 | BN33: 其他 | BP33: 18-24周岁 | BQ33: 无袖 | BR33: 版型好(95) ; 质量不错(87) ; 穿上好看(85) ; 划算(68) ; 衣衣很舒服(67) ; 料子好(36) ;
A34: 32 | B34: 第 1 页 第 32 位 | C34: 2015秋季新款女装大码印花裙子中长款长袖女士t恤时尚连衣裙女秋 | D34: FXYL2313 | E34: 88 | F34: 0.2727 | G34: 24 | H34: 24 | I34: 69092 | J34: 包邮 | K34: 7395 | L34: 0.0086 | M34: 8631 | N34: 0.0076 | O34: 207144 | P34: 0.0037 | Q34: 10296 | R34: - | S34: - | T34: 1 | U34: 2886 | Z34: 浙江杭州 | AA34: famcheyo法香郁旗舰店 | AB34: 41466.552 | AC34: 4冠 | AD34: 4.7; 4.7; 4.7 | AE34: 15369 | AF34: 天猫 | AG34: 1 | AH34: 女装/女士精品 | AI34: 连衣裙 | AK34: 42241 | AL34: 0.78923611 | AM34: 2天46分45秒 | AN34: 二 | AO34: http://item.taobao.com/item.htm?id=520521452563 | AP34: http://item.kandianbao.com/520521452563/ | AQ34: 单件 | AR34: 51%(含)-70%(含) | AT34: 圆领 | AU34: 套头 | AV34: 黑色，白色，灰色 | AW34: 韩版 | AX34: M，L，XL，XXL | AY34: 字母 | AZ34: 中长裙 | BA34: 其他/other | BB34: 纯电商(只在线上销售) | BD34: 蝴蝶结，荷叶边，铆钉，植绒，流苏，破洞，镂空，抽褶，肩章，亮丝，镶钻，露背，油漆喷溅，手工磨破，贴布，绣花，链条，褶皱，木耳，勾花镂空，口袋，系带，拼接，螺纹，扎花，立体装饰，不对称，绑带，扎染，钉珠，波浪，做旧，亮片，背带，纽扣，纱网，拉链，乱针修补，锈斑处理，树脂固色，蕾丝，燕尾，3D，印花 | BE34: FXYL2313 | BF34: A字裙 | BG34: 2015年夏季 | BH34: 新型聚酯纤维65% 其他35% | BI34: 常规 | BJ34: FAMCHEYO/法·香·郁 | BK34: 通勤 | BM34: 中腰 | BN34: 其他 | BP34: 18-24周岁 | BQ34: 长袖 | BR34: 衣服不错(131) ; 衣服很舒服(122) ; 布料好(82) ; 板型很好(44) ; 码子很准(38) ; 穿着效果好(26) ;
A35: 33 | B35: 第 1 页 第 33 位 | C35: 韩国代购2015夏装新款无袖公主连衣裙女宽松大码蓬蓬裙高腰娃娃衫 | D35: 25 | E35: 680 | F35: 0.115 | G35: 78.21 | H35: 78.21 | I35: 8081 | J35: 包邮 | K35: 7393 | L35: 0.0086 | M35: 7936 | N35: 0.007 | O35: 620674.56 | P35: 0.0112 | Q35: 37774 | R35: 57050 | S35: 0.6621 | T35: 5 | U35: 2592 | Y35: 7天无理由|蚂蚁花呗|信用卡支付|集分宝|如实描述 | Z35: 广东广州 | AA35: 魅影mylove | AB35: 41052.815 | AC35: 3冠 | AD35: 4.7; 4.8; 4.7 | AE35: 70278 | AF35: 淘宝 | AG35: 0.9813 | AH35: 女装/女士精品 | AI35: 连衣裙 | AK35: 42244 | AL35: 0.59236111 | AM35: 4天20时3分15秒 | AN35: 五 | AO35: http://item.taobao.com/item.htm?id=520425699980 | AP35: http://item.kandianbao.com/520425699980/ | AQ35: 单件 | AR35: 81%(含)-90%(含) | AS35: A型 | AT35: 圆领 | AU35: 套头 | AV35: 白色，深蓝色 | AW35: 韩版 | AX35: S，M，L，XL，2XL | AY35: 纯色 | AZ35: 短裙 | BA35: 其他/other | BD35: 抽褶，褶皱，系带 | BE35: 25 | BF35: 大摆型 | BG35: 2015年夏季 | BI35: 常规 | BK35: 通勤 | BM35: 高腰 | BN35: 棉 | BP35: 18-24周岁 | BQ35: 无袖 | BR35: 质量好(108) ; 衣衣很舒服(78) ; 外形好看(60) ; 穿上好看(50) ; 款式蛮好(47) ; 做工好(46) ;
A36: 34 | B36: 第 1 页 第 34 位 | C36: 2015韩版大码甜美碎花修身显瘦中裙夏中长款中袖印花雪纺连衣裙秋 | D36: 8858 | E36: 91 | F36: 0.3297 | G36: 30 | H36: 30 | I36: 164161 | J36: 包邮 | K36: 7352 | L36: 0.0086 | M36: 9175 | N36: 0.0081 | O36: 275250 | P36: 0.005 | Q36: 32076 | R36: 72412 | S36: 0.443 | T36: 3 | U36: 3037 | Y36: 卖家承诺48小时内发货|8天退货，退货邮费卖家承担|蚂蚁花呗|信用卡支付|集分宝|如实描述 | Z36: 广东广州 | AA36: 亚洲电商shopping平台 | AB36: 41933.248 | AC36: 2冠 | AD36: 4.7; 4.7; 4.7 | AE36: 5773 | AF36: 淘宝 | AG36: 0.9739 | AH36: 女装/女士精品 | AI36: 连衣裙 | AK36: 42244 | AL36: 0.83333333 | AM36: 5天1时50分15秒 | AN36: 五 | AO36: http://item.taobao.com/item.htm?id=520563537761 | AP36: http://item.kandianbao.com/520563537761/ | AQ36: 单件 | AR36: 71%(含)-80%(含) | AS36: A型 | AT36: 圆领 | AU36: 套头 | AV36: 绿色原图小花，黄色原图小花，粉色原图小花，收藏送运费险，收藏送淘金币 | AW36: 韩版 | AX36: S【优质原版】，M【优质原版】，L【优质原版】，XL【优质原版】，2XL【优质原版】，3XL【优质原版】，S【普通面料】，M【普通面料】，L【普通面料】，XL【普通面料】，2XL【普通面料】，3XL【普通面料】 | AY36: 碎花 | AZ36: 中长裙 | BA36: 其他/other | BC36: 雪纺 | BD36: 蝴蝶结，木耳，印花 | BE36: 8858 | BF36: A字裙 | BG36: 2015年夏季 | BI36: 喇叭袖 | BJ36: 时尚新版女装 | BK36: 通勤 | BM36: 中腰 | BN36: 莫代尔 | BP36: 18-24周岁 | BQ36: 五分袖 | BR36: 质量蛮好(53) ; 版型好(47) ; 很舒服(34) ; 便宜(29) ; 尺寸很准(22) ; 穿着美(19) ;
A37: 35 | B37: 第 1 页 第 35 位 | C37: 欧洲站2015夏季女装印花连衣裙夏中裙时尚显瘦大码胖mm雪纺裙子 | E37: 87 | F37: 0.2947 | G37: 25.64 | H37: 25.64 | I37: 26956 | J37: 包邮 | K37: 7166 | L37: 0.0084 | M37: 7929 | N37: 0.007 | O37: 203299.56 | P37: 0.0037 | Q37: 11134 | R37: 23607 | S37: 0.4716 | T37: 12 | U37: 2142 | Y37: 卖家承诺24小时内发货|7天无理由|集分宝|支付宝支付|如实描述 | Z37: 广东广州 | AA37: 幸福是会重生的 | AB37: 41693.62 | AC37: 2冠 | AD37: 4.7; 4.7; 4.6 | AE37: 4113 | AF37: 淘宝 | AG37: 0.9768 | AH37: 女装/女士精品 | AI37: 连衣裙 | AK37: 42245 | AL37: 0.88935185 | AM37: 6天3时10分55秒 | AN37: 六 | AO37: http://item.taobao.com/item.htm?id=520661672994 | AP37: http://item.kandianbao.com/520661672994/ | AQ37: 单件 | AR37: 81%(含)-90%(含) | AT37: 圆领 | AU37: 套头 | AV37: 黑色 | AX37: S，M，L，XL | AY37: 花色 | AZ37: 短裙 | BA37: 其他/other | BC37: 雪纺 | BD37: 抽褶，拼接，纽扣，蕾丝，印花 | BF37: 其他 | BG37: 2015年夏季 | BI37: 喇叭袖 | BK37: 甜美 | BL37: 公主 | BM37: 松紧腰 | BQ37: 五分袖
A38: 36 | B38: 第 1 页 第 36 位 | C38: 2015夏装新款显瘦牛仔连衣裙背带裙女夏季潮学生牛仔吊带背心短裙 | E38: 140 | F38: 0.15 | G38: 21 | H38: 21 | I38: 413406 | J38: 包邮 | K38: 7121 | L38: 0.0083 | M38: 11486 | N38: 0.0101 | O38: 241206 | P38: 0.0044 | Q38: 7220 | R38: 18854 | S38: 0.3829 | T38: 7 | U38: 561 | Y38: 卖家承诺24小时内发货|8天退货，退货邮费买家承担|蚂蚁花呗|信用卡支付|集分宝|如实描述 | Z38: 广东中山 | AA38: 限量女装批发 | AB38: 40998.901 | AC38: 3钻 | AD38: 4.7; 4.8; 4.7 | AE38: 1942 | AF38: 淘宝 | AG38: 0.9968 | AH38: 女装/女士精品 | AI38: 连衣裙 | AK38: 42239 | AL38: 0.90625 | AM38: 0.14947917 | AN38: 日 | AO38: http://item.taobao.com/item.htm?id=520591170917 | AP38: http://item.kandianbao.com/520591170917/ | AQ38: 单件 | AR38: 81%(含)-90%(含) | AV38: 深蓝色 | AX38: XXS，XS，S，M，L，XL | AY38: 纯色 | AZ38: 短裙 | BA38: 背带 | BC38: 牛仔布 | BD38: 口袋，背带，纽扣 | BF38: 其他 | BG38: 2015年夏季 | BI38: 其他 | BJ38: 无 | BK38: 甜美 | BL38: 学院 | BM38: 宽松腰 | BN38: 醋纤 | BP38: 18-24周岁 | BQ38: 无袖 | BR38: 质量蛮好(138) ; 很舒服(44) ; 穿着美(38) ; 款式很潮(34) ; 衣服很合身(31) ; 版型好看(30) ;
A39: 37 | B39: 第 1 页 第 37 位 | C39: 2015性感荷叶边露肩雪纺连衣裙夏女A字裙短裙宽松显瘦韩国QZ106 | D39: QZ106 | E39: 158 | F39: 0.6203 | G39: 98 | H39: 98 | I39: 15992 | J39: 包邮 | K39: 7053 | L39: 0.0082 | M39: 7537 | N39: 0.0066 | O39: 738626 | P39: 0.0134 | Q39: 147526 | R39: 331485 | S39: 0.445 | T39: 5 | U39: 3959 | Y39: 卖家承诺12天内发货|7天无理由|蚂蚁花呗|信用卡支付|集分宝|如实描述 | Z39: 浙江杭州 | AA39: 女人顶顶大 | AB39: 39248.559 | AC39: 2金冠 | AD39: 4.6; 4.7; 4.7 | AE39: 2664091 | AF39: 淘宝 | AG39: 0.9897 | AH39: 女装/女士精品 | AI39: 连衣裙 | AK39: 42241 | AL39: 0.41666667 | AM39: 1天15时50分15秒 | AN39: 二 | AO39: http://item.taobao.com/item.htm?id=520340311664 | AP39: http://item.kandianbao.com/520340311664/ | AQ39: 单件 | AR39: 31%(含)-50%(含) | AS39: A型 | AT39: V领 | AU39: 套头 | AV39: 白色，粉红色，蓝色 | AW39: 韩版 | AX39: S，M | AY39: 纯色 | AZ39: 短裙 | BC39: 雪纺 | BD39: 荷叶边，镂空 | BE39: QZ106 | BF39: 荷叶边裙 | BG39: 2015年夏季 | BI39: 荷叶袖 | BK39: 通勤 | BM39: 宽松腰 | BP39: 18-24周岁 | BQ39: 短袖 | BR39: 版型漂亮(97) ; 质量好(84) ; 穿上好看(36) ; 衣衣很舒服(30) ; 色彩很好(29) ; 和描述一致(19) ;
A40: 38 | B40: 第 1 页 第 38 位 | C40: 韩国代购2015夏装新款女装明星同款修身A字裙中裙红色连衣裙夏季 | E40: 193 | F40: 0.1554 | G40: 30 | H40: 30 | I40: 11042 | J40: 包邮 | K40: 6974 | L40: 0.0081 | M40: 8895 | N40: 0.0078 | O40: 266850 | P40: 0.0048 | Q40: 39956 | R40: 116581 | S40: 0.3427 | T40: 7 | U40: 8214 | Y40: 卖家承诺24小时内发货|7天无理由|蚂蚁花呗|集分宝|支付宝支付|如实描述 | Z40: 广东广州 | AA40: hao87882894 | AB40: 41500.954 | AC40: 2冠 | AD40: 4.6; 4.6; 4.5 | AE40: 3240 | AF40: 淘宝 | AG40: 0.9598 | AH40: 女装/女士精品 | AI40: 连衣裙 | AK40: 42244 | AL40: 0.88888889 | AM40: 5天3时10分15秒 | AN40: 五 | AO40: http://item.taobao.com/item.htm?id=45355935820 | AP40: http://item.kandianbao.com/45355935820/ | AQ40: 单件 | AR40: 81%(含)-90%(含) | AT40: 圆领 | AU40: 套头 | AV40: 白色，红色 | AW40: 韩版 | AX40: S【优质面料】，M【优质面料】，L【优质面料】，XL【优质面料】，S【普通面料】，M【普通面料】，L【普通面料】，XL【普通面料】 | AY40: 纯色 | AZ40: 中长裙 | BA40: 其他/other | BC40: 针织 | BD40: 荷叶边 | BF40: 公主裙 | BG40: 2015年夏季 | BI40: 常规 | BK40: 通勤 | BM40: 中腰 | BQ40: 短袖 | BR40: 版型好看(1137) ; 宝贝很赞(996) ; 穿上好看(882) ; 色彩很好(418) ; 衣衣很舒服(386) ; 颜色不行(222) ;
A41: 39 | B41: 第 1 页 第 39 位 | C41: 2015夏季新款牛奶丝中老年连衣裙中长款波西米亚复古包臀妈妈LYQ | D41: 1802 | E41: 118 | F41: 0.1426 | G41: 16.83 | H41: 16.83 | I41: 10189 | J41: 包邮 | K41: 6965 | L41: 0.0081 | M41: 17656 | N41: 0.0156 | O41: 297150.48 | P41: 0.0054 | Q41: 9080 | R41: 68915 | S41: 0.1318 | T41: 10 | U41: 5887 | Y41: 7天无理由|蚂蚁花呗|信用卡支付|集分宝|如实描述 | Z41: 北京 | AA41: 清品幽罱 | AB41: 41511.617 | AC41: 2冠 | AD41: 4.7; 4.7; 4.7 | AE41: 2499 | AF41: 淘宝 | AG41: 0.9666 | AH41: 女装/女士精品 | AI41: 连衣裙 | AK41: 42240 | AL41: 0.92358796 | AM41: 1天4时0分13秒 | AN41: 一 | AO41: http://item.taobao.com/item.htm?id=44161806562 | AP41: http://item.kandianbao.com/44161806562/ | AQ41: 单件 | AR41: 81%(含)-90%(含) | AT41: 圆领 | AU41: 套头 | AV41: 15号色，19号色，10号色，6号色，26号色，25号色，23号色，27号色，22号色，28号色，1号色，3号色，2号色，7号色，21号色，16号色，17号色，18号色，32号色，29号色，30号色，33号色，35号色，40号色，米白色，玫红色，粉红色 | AX41: 3X[130-145斤]滕，XL[105-120斤]藤，XXL[115-130斤]藤，L[90-105斤]藤，4X[140-160斤]藤，默认圆通快递，增加2个新花色，活动亏本销售，质量保证，采用牛奶丝面料，以图片为准 | AY41: 花色 | AZ41: 中裙 | BA41: 其他/other | BC41: 其他 | BD41: 口袋，拼接，印花 | BE41: 1802 | BF41: 一步裙 | BG41: 2015年夏季 | BI41: 常规 | BK41: 甜美 | BL41: 波西米亚 | BM41: 中腰 | BQ41: 短袖 | BR41: 宝贝很赞(233) ; 很舒适(192) ; 版型好看(127) ; 穿着漂亮(97) ; 衣服很合身(96) ; 人群(79) ;
A42: 40 | B42: 第 1 页 第 40 位 | C42: 棉麻连衣裙女夏季2015夏装女装新款韩版潮中长款修身显瘦中裙裙子 | E42: 55 | F42: 0.5 | G42: 27.5 | H42: 27.5 | I42: 31731 | J42: 包邮 | K42: 6892 | L42: 0.0081 | M42: 8711 | N42: 0.0077 | O42: 239552.5 | P42: 0.0043 | Q42: 7830 | R42: 21619 | S42: 0.3622 | T42: 4 | U42: 435 | Y42: 卖家承诺48小时内发货|7天无理由|集分宝|支付宝支付|如实描述 | Z42: 广东广州 | AA42: 清潭洞艾丽丝 | AB42: 41333.52 | AC42: 5钻 | AD42: 4.7; 4.7; 4.6 | AE42: 2280 | AF42: 淘宝 | AG42: 0.9723 | AH42: 女装/女士精品 | AI42: 连衣裙 | AK42: 42240 | AL42: 0.91944444 | AM42: 1天3时54分15秒 | AN42: 一 | AO42: http://item.taobao.com/item.htm?id=520492857781 | AP42: http://item.kandianbao.com/520492857781/ | AQ42: 单件 | AR42: 91%(含)-95%(含) | AT42: 圆领 | AU42: 套头 | AV42: 桔红色，粉红色，红色，绿色 | AW42: 韩版 | AX42: 收藏宝贝送小礼物，M，L，XL，2XL | AY42: 纯色 | AZ42: 中裙 | BA42: 其他/other | BC42: 织锦 | BD42: 抽褶，褶皱，系带，纽扣 | BF42: A字裙 | BG42: 2015年夏季 | BI42: 常规 | BK42: 通勤 | BM42: 中腰 | BN42: 麻 | BP42: 25-29周岁 | BQ42: 短袖
A43: 41 | B43: 第 1 页 第 41 位 | C43: 夏季新款海边度假雪纺沙滩裙波西米亚长裙碎花印花仙女吊带连衣裙 | D43: 1203 | E43: 78 | F43: 0.3554 | G43: 27.72 | H43: 27.72 | I43: 18942 | J43: 包邮 | K43: 6816 | L43: 0.008 | M43: 8167 | N43: 0.0072 | O43: 226389.24 | P43: 0.0041 | Q43: 40584 | R43: 114713 | S43: 0.3538 | T43: 7 | U43: 10097 | Y43: 卖家承诺24小时内发货|7天无理由|蚂蚁花呗|集分宝|支付宝支付|如实描述 | Z43: 广东广州 | AA43: 艾米斯金 | AB43: 41039.054 | AC43: 2冠 | AD43: 4.6; 4.7; 4.6 | AE43: 2345 | AF43: 淘宝 | AG43: 0.9833 | AH43: 女装/女士精品 | AI43: 连衣裙 | AK43: 42242 | AL43: 0.88549769 | AM43: 3天3时5分22秒 | AN43: 三 | AO43: http://item.taobao.com/item.htm?id=520023042411 | AP43: http://item.kandianbao.com/520023042411/ | AQ43: 单件 | AR43: 71%(含)-80%(含) | AT43: 方领 | AU43: 套头 | AV43: 碎花款杏色，碎花款黑色，条纹款白色，条纹款蓝色，条纹款黑色 | AW43: 复古 | AX43: S 80-98斤，M 98-108斤，L 108-120斤，XL 120-130斤，XXL 130-140斤 | AY43: 花色 | AZ43: 长裙 | BA43: 背带 | BC43: 雪纺 | BD43: 蝴蝶结，印花 | BE43: 1203 | BF43: 大摆型 | BG43: 2015年夏季 | BI43: 其他 | BK43: 通勤 | BM43: 松紧腰 | BN43: 其他 | BP43: 18-24周岁 | BQ43: 无袖 | BR43: 版型漂亮(1220) ; 整体不错(1141) ; 穿着效果好(488) ; 衣服很舒服(479) ; 大小合适(253) ; 质量不行(128) ;
A44: 42 | B44: 第 1 页 第 42 位 | C44: 2015夏季韩版收腰显瘦印花雪纺露肩连衣裙子吊带一字领大摆中长裙 | E44: 290 | F44: 0.4626 | G44: 134.16 | H44: 134.16 | I44: 1715 | J44: 包邮 | K44: 6811 | L44: 0.008 | M44: 7755 | N44: 0.0068 | O44: 1040410.8 | P44: 0.0188 | Q44: 75770 | R44: 135914 | S44: 0.5575 | T44: 8 | U44: 4643 | Y44: 卖家承诺72小时内发货|7天无理由|蚂蚁花呗|信用卡支付|集分宝|如实描述 | Z44: 浙江杭州 | AA44: 时尚靓衣吧11 | AB44: 41590.455 | AC44: 2冠 | AD44: 4.8; 4.8; 4.8 | AE44: 15853 | AF44: 淘宝 | AG44: 0.9922 | AH44: 女装/女士精品 | AI44: 连衣裙 | AK44: 42246 | AL44: 0.58819444 | AM44: 6天19时57分14秒 | AN44: 日 | AO44: http://item.taobao.com/item.htm?id=520082649211 | AP44: http://item.kandianbao.com/520082649211/ | AQ44: 单件 | AR44: 51%(含)-70%(含) | AS44: A型 | AT44: 一字领 | AU44: 套头 | AV44: 米白色，藏青色 | AW44: 韩版 | AX44: S，M，L，XL，2XL | AY44: 碎花 | AZ44: 中长裙 | BA44: 吊带 | BC44: 雪纺 | BD44: 抽褶，褶皱，印花 | BF44: 大摆型 | BG44: 2015年夏季 | BI44: 灯笼袖 | BK44: 通勤 | BM44: 松紧腰 | BN44: 其他 | BQ44: 短袖 | BR44: 版型好看(561) ; 衣服不错(555) ; 穿着效果好(463) ; 衣服很舒服(327) ; 衣服很合身(213) ; 布料好(167) ;
A45: 43 | B45: 第 1 页 第 43 位 | C45: 夏天新款女装复古蝴蝶印花修身连衣裙礼服无袖背心打底a字蓬蓬裙 | E45: 98 | F45: 0.3857 | G45: 37.8 | H45: 37.8 | I45: 90248 | J45: 包邮 | K45: 6753 | L45: 0.0079 | M45: 10282 | N45: 0.0091 | O45: 388659.6 | P45: 0.007 | Q45: 23772 | R45: 41788 | S45: 0.5689 | T45: 9 | U45: 3055 | Y45: 15天退货，退货邮费卖家承担|蚂蚁花呗|信用卡支付|集分宝|如实描述 | Z45: 广东广州 | AA45: 言而必有信88 | AB45: 41669.632 | AC45: 1冠 | AD45: 4.7; 4.8; 4.7 | AE45: 7628 | AF45: 淘宝 | AG45: 0.9865 | AH45: 女装/女士精品 | AI45: 连衣裙 | AK45: 42239 | AL45: 0.9777662 | AM45: 0.2209838 | AN45: 日 | AO45: http://item.taobao.com/item.htm?id=520217571580 | AP45: http://item.kandianbao.com/520217571580/ | AQ45: 单件 | AR45: 95%以上 | AS45: A型 | AT45: 圆领 | AU45: 套头 | AV45: 小丑人白色，蝴蝶白，梦幻王国，欧洲印象，蓝花朵，冰凌花，彩色城堡，玫瑰吉它，可爱鹦鹉，牡丹花，太阳花，中国墨竹，红蝴蝶，蓝蝴蝶，威尼斯，灰蝴蝶，乳白色，白色，灰色，黑色，玫红色，粉红色，杏色，金色，黄色，绿色，蓝色 | AW45: 复古 | AX45: S，M，L，XL | AY45: 花色 | AZ45: 短裙 | BA45: 背带 | BC45: 其他 | BD45: 褶皱，拉链，3D，印花 | BF45: A字裙 | BG45: 2015年夏季 | BI45: 常规 | BK45: 通勤 | BM45: 高腰 | BN45: 棉 | BQ45: 无袖 | BR45: 板型很好(221) ; 宝贝很赞(213) ; 穿上好看(101) ; 码子很准(85) ; 人群(38) ; 料子好(34) ;
A46: 44 | B46: 第 1 页 第 44 位 | C46: 长裙夏季连衣裙韩国修身碎花大码显瘦雪纺无袖波西米亚印花沙滩裙 | D46: 8715 | E46: 101 | F46: 0.2178 | G46: 22 | H46: 22 | I46: 11936 | J46: 包邮 | K46: 6689 | L46: 0.0078 | M46: 8261 | N46: 0.0073 | O46: 181742 | P46: 0.0033 | Q46: 26408 | R46: 29308 | S46: 0.9011 | T46: 9 | U46: 1555 | Y46: 卖家承诺48小时内发货|不支持七天无理由|集分宝|支付宝支付|如实描述 | Z46: 广东广州 | AA46: hdh红红 | AB46: 42144.831 | AC46: 4钻 | AD46: 4.7; 4.7; 4.6 | AE46: 1392 | AF46: 淘宝 | AG46: 0.9838 | AH46: 女装/女士精品 | AI46: 连衣裙 | AK46: 42244 | AL46: 0.49113426 | AM46: 4天17时37分28秒 | AN46: 五 | AO46: http://item.taobao.com/item.htm?id=520049263453 | AP46: http://item.kandianbao.com/520049263453/ | AQ46: 单件 | AR46: 81%(含)-90%(含) | AT46: 圆领 | AU46: 套头 | AV46: 杏色碎花，小清新花，红祥云，蓝祥云，蓝蝴蝶，其它颜色，粉蝴蝶，灰色，黄色，绿色，深蓝色，蓝色，花色 | AW46: 淑女 | AX46: 均码 | AY46: 花色 | AZ46: 长裙 | BA46: 背带 | BC46: 雪纺 | BD46: 拼接，背带，印花 | BE46: 8715 | BF46: 大摆型 | BG46: 2015年夏季 | BI46: 常规 | BJ46: 无 | BK46: 通勤 | BM46: 高腰 | BN46: 棉 | BP46: 18-24周岁 | BQ46: 无袖 | BR46: 衣服不错(26) ; 版型好看(20) ; 划算(19) ; 穿着美(11) ; 很舒服(9) ; 快递不错(9) ;
A47: 45 | B47: 第 1 页 第 45 位 | C47: 2015打底夏季长裙显瘦吊带长裙莫代尔长裙黑白条纹无袖背心连衣裙 | E47: 49 | F47: 0.402 | G47: 19.7 | H47: 19.7 | I47: 67904 | J47: 包邮 | K47: 6636 | L47: 0.0078 | M47: 9514 | N47: 0.0084 | O47: 187425.8 | P47: 0.0034 | Q47: 23104 | R47: 117941 | S47: 0.1959 | T47: 34 | U47: 7435 | W47: 1.单笔订单满65元减3元；亲，快下手吧！|2.单笔订单满70元减5元；减后满70元，送礼物，亲，快下手吧！ | Y47: 15天退货，退货邮费卖家承担|蚂蚁花呗|信用卡支付|集分宝|如实描述 | Z47: 山东青岛 | AA47: 奶油喝奶 | AB47: 41617.511 | AC47: 4冠 | AD47: 4.8; 4.8; 4.7 | AE47: 9441 | AF47: 淘宝 | AG47: 0.9747 | AH47: 女装/女士精品 | AI47: 连衣裙 | AK47: 42244 | AL47: 0.60355324 | AM47: 4天20时19分21秒 | AN47: 五 | AO47: http://item.taobao.com/item.htm?id=39754010062 | AP47: http://item.kandianbao.com/39754010062/ | AQ47: 单件 | AR47: 95%以上 | AT47: 圆领 | AU47: 套头 | AV47: 黑白条纹，灰色，黑色，玫红色，酒红色，黄色，荧光绿，宝蓝色 | AW47: 韩版 | AX47: 均码 90-120斤，加大 120-160斤 | AY47: 条纹 | AZ47: 长裙 | BA47: 吊带 | BC47: 针织 | BF47: 一步裙 | BG47: 2015年夏季 | BI47: 其他 | BK47: 通勤 | BM47: 中腰 | BN47: 莫代尔 | BQ47: 无袖 | BR47: 很舒适(1419) ; 宝贝很赞(1126) ; 穿着漂亮(517) ; 外形好看(392) ; 码数很准(275) ; 颜色不行(92) ;
A48: 46 | B48: 第 1 页 第 46 位 | C48: 2015夏季新款欧洲站时尚名媛柔软欧根纱印花无袖大码连衣裙夏中裙 | D48: 天赐-9898 | E48: 188 | F48: 0.258 | G48: 48.51 | H48: 48.51 | I48: 1842 | J48: 包邮 | K48: 6628 | L48: 0.0077 | M48: 6936 | N48: 0.0061 | O48: 336465.36 | P48: 0.0061 | Q48: 13166 | R48: 37012 | S48: 0.3557 | T48: 4 | U48: 1216 | Y48: 卖家承诺72小时内发货|8天退货，退货邮费买家承担|蚂蚁花呗|信用卡支付|集分宝|如实描述 | Z48: 广东广州 | AA48: tb7973039 | AB48: 40874.998 | AC48: 4钻 | AD48: 4.5; 4.6; 4.5 | AE48: 3787 | AF48: 淘宝 | AG48: 0.961 | AH48: 女装/女士精品 | AI48: 连衣裙 | AK48: 42245 | AL48: 0.89189815 | AM48: 6天3时14分34秒 | AN48: 六 | AO48: http://item.taobao.com/item.htm?id=520014511001 | AP48: http://item.kandianbao.com/520014511001/ | AQ48: 单件 | AR48: 30%及以下 | AS48: A型 | AT48: 圆领 | AU48: 拉链 | AV48: 模特色 | AX48: 送运费险，免费试穿，S，M，L，XL，2XL | AY48: 其他 | AZ48: 中裙 | BA48: 其他/other | BC48: 欧根纱 | BD48: 拼接，印花 | BE48: 天赐-9898 | BF48: 公主裙 | BG48: 2015年夏季 | BI48: 其他 | BK48: 街头 | BM48: 高腰 | BN48: 棉 | BO48: 欧美 | BP48: 25-29周岁 | BQ48: 无袖 | BR48: 质量蛮好(110) ; 版型好看(85) ; 很舒服(61) ; 穿着美(58) ; 款式很潮(51) ; 衣服很合身(49) ;
A49: 47 | B49: 第 1 页 第 47 位 | C49: 2015夏装新款唐嫣明星同款连衣裙短袖显瘦气质镂空透视小黑裙女装 | D49: 8077 | E49: 299 | F49: 0.2616 | G49: 78.21 | H49: 78.21 | I49: 12404 | J49: 包邮 | K49: 6595 | L49: 0.0077 | M49: 9444 | N49: 0.0083 | O49: 738615.24 | P49: 0.0134 | Q49: 47860 | R49: 76793 | S49: 0.6232 | T49: 7 | U49: 2092 | Y49: 卖家承诺24小时内发货|7天无理由|蚂蚁花呗|信用卡支付|集分宝|如实描述 | Z49: 广东广州 | AA49: 563803170wen | AB49: 41447.797 | AC49: 2冠 | AD49: 4.8; 4.8; 4.7 | AE49: 15070 | AF49: 淘宝 | AG49: 0.983 | AH49: 女装/女士精品 | AI49: 连衣裙 | AK49: 42242 | AL49: 0.88194444 | AM49: 3天3时0分14秒 | AN49: 三 | AO49: http://item.taobao.com/item.htm?id=520304080374 | AP49: http://item.kandianbao.com/520304080374/ | AQ49: 单件 | AR49: 51%(含)-70%(含) | AS49: A型 | AT49: 圆领 | AU49: 套头 | AV49: 黑色，红色，蓝色 | AW49: 复古 | AX49: S，M，L，XL，2XL | AY49: 纯色 | AZ49: 中裙 | BA49: 吊带 | BC49: 其他 | BD49: 镂空，纱网 | BE49: 8077 | BG49: 2015年夏季 | BJ49: 韩尚衣潮 | BK49: 通勤 | BN49: 棉 | BP49: 18-24周岁 | BQ49: 无袖 | BR49: 质量不错(142) ; 版型好(76) ; 穿着漂亮(73) ; 很舒适(72) ; 尺寸很准(48) ; 款式很好(30) ;
A50: 48 | B50: 第 1 页 第 48 位 | C50: 韩国代购2015夏季新款韩版性感女装显瘦OL包臀蕾丝镂空连衣裙短裙 | D50: 888 | E50: 158 | F50: 0.2525 | G50: 39.9 | H50: 39.9 | I50: 11102 | J50: 包邮 | K50: 6548 | L50: 0.0076 | M50: 8198 | N50: 0.0072 | O50: 327100.2 | P50: 0.0059 | Q50: 37044 | R50: 65682 | S50: 0.564 | T50: 7 | U50: 4593 | Y50: 卖家承诺48小时内发货|7天无理由|蚂蚁花呗|信用卡支付|集分宝|如实描述 | Z50: 广东广州 | AA50: 天使之城丶妞妞 | AB50: 41903.836 | AC50: 1冠 | AD50: 4.7; 4.7; 4.6 | AE50: 4841 | AF50: 淘宝 | AG50: 0.9229 | AH50: 女装/女士精品 | AI50: 连衣裙 | AK50: 42241 | AL50: 0.090277778 | AM50: 1天8时0分14秒 | AN50: 二 | AO50: http://item.taobao.com/item.htm?id=45818851323 | AP50: http://item.kandianbao.com/45818851323/ | AQ50: 单件 | AS50: A型 | AT50: 圆领 | AU50: 拉链 | AV50: 黑色，红色，天蓝色 | AX50: S（有内衬），M（有内衬），L（有内衬） | AY50: 纯色 | AZ50: 中裙 | BC50: 蕾丝 | BE50: 888 | BF50: 其他 | BG50: 2015年夏季 | BI50: 常规 | BJ50: 00后 | BK50: 通勤 | BM50: 中腰 | BQ50: 短袖 | BR50: 整体不错(479) ; 板型很好(434) ; 穿着效果好(279) ; 衣服很舒服(220) ; 颜色挺正(196) ; 质量不行(33) ;
A51: 49 | B51: 第 2 页 第 1 位 | C51: 2015夏装新款女装长裙子优雅中长款修身大码拼接印花雪纺连衣裙女 | D51: 2YF2268--429 | E51: 498 | F51: 0.0596 | G51: 29.7 | H51: 29.7 | I51: 393081 | J51: 5 | K51: 6289 | L51: 0.0073 | M51: 8070 | N51: 0.0071 | O51: 239679 | P51: 0.0043 | Q51: 43462 | R51: - | S51: - | T51: 10 | U51: 13850 | W51: 满3件，享包邮，送3元优惠券 | Z51: 浙江杭州 | AA51: 漫兰飘香旗舰店 | AB51: 41746.487 | AC51: 4冠 | AD51: 4.6; 4.6; 4.8 | AE51: 45399 | AF51: 天猫 | AG51: 1 | AH51: 女装/女士精品 | AI51: 连衣裙 | AK51: 42244 | AL51: 0.94467593 | AM51: 5天4时30分34秒 | AN51: 五 | AO51: http://item.taobao.com/item.htm?id=45573789007 | AP51: http://item.kandianbao.com/45573789007/ | AQ51: 单件 | AR51: 95%以上 | AS51: A型 | AT51: 圆领 | AU51: 套头 | AV51: 木纹花，粉花，绿花，黄花 | AW51: 韩版 | AX51: M，L，XL，XXL，3XL | AY51: 碎花 | AZ51: 长裙 | BA51: 其他/other | BB51: 纯电商(只在线上销售) | BC51: 雪纺 | BD51: 荷叶边，系带，印花 | BE51: 2YF2268--429 | BF51: 公主裙 | BG51: 2015年夏季 | BH51: 聚酯纤维100% | BI51: 常规 | BJ51: 漫兰飘香 | BK51: 通勤 | BM51: 中腰 | BN51: 涤纶 | BP51: 25-29周岁 | BQ51: 短袖 | BR51: 衣服不错(2961) ; 版型漂亮(2161) ; 衣服很舒服(1416) ; 穿着效果好(919) ; 大小合适(866) ; 尺寸有偏差(277) ;
A52: 50 | B52: 第 2 页 第 2 位 | C52: 2015夏装新款女装韩版名媛假两件套装裙子短袖雪纺连衣裙女打底裙 | E52: 173 | F52: 0.1908 | G52: 33 | H52: 33 | I52: 28996 | J52: 包邮 | K52: 6286 | L52: 0.0073 | M52: 8616 | N52: 0.0076 | O52: 284328 | P52: 0.0051 | Q52: 19784 | R52: 56334 | S52: 0.3512 | T52: 19 | U52: 1785 | Y52: 7天无理由|蚂蚁花呗|信用卡支付|集分宝|如实描述 | Z52: 广东广州 | AA52: 欣欣衣衣66 | AB52: 41808.711 | AC52: 3冠 | AD52: 4.6; 4.6; 4.5 | AE52: 24456 | AF52: 淘宝 | AG52: 0.9848 | AH52: 女装/女士精品 | AI52: 连衣裙 | AK52: 42242 | AL52: 0.91666667 | AM52: 3天3时50分14秒 | AN52: 三 | AO52: http://item.taobao.com/item.htm?id=520091596879 | AP52: http://item.kandianbao.com/520091596879/ | AQ52: 假两件 | AR52: 95%以上 | AS52: A型 | AT52: 圆领 | AU52: 拉链 | AV52: 米白（优质布料），浅蓝（优质布料），米白色，浅蓝色 | AW52: 韩版 | AX52: S，M，L，XL，2XL | AY52: 碎花 | AZ52: 短裙 | BA52: 其他/other | BC52: 雪纺 | BD52: 钉珠，拉链，印花 | BF52: 灯笼裙 | BG52: 2015年夏季 | BI52: 公主袖 | BK52: 通勤 | BM52: 高腰 | BN52: 棉 | BP52: 18-24周岁 | BQ52: 短袖 | BR52: 衣服不错(285) ; 版型好(155) ; 衣服很舒服(127) ; 穿着效果好(120) ; 尺寸很准(93) ; 款式好(86) ;
A53: 51 | B53: 第 2 页 第 3 位 | C53: 2015夏季裙子女露背收腰显瘦v领抹胸修身性感雪纺无袖连衣裙短裙 | E53: 188 | F53: 0.2054 | G53: 38.61 | H53: 38.61 | I53: 150101 | J53: 包邮 | K53: 6214 | L53: 0.0073 | M53: 8671 | N53: 0.0076 | O53: 334787.31 | P53: 0.0061 | Q53: 35890 | R53: 39701 | S53: 0.904 | T53: 2 | U53: 1491 | Y53: 卖家承诺48小时内发货|7天无理由|蚂蚁花呗|信用卡支付|集分宝|如实描述 | Z53: 广东广州 | AA53: 韩流时尚女人街 | AB53: 41691.587 | AC53: 1冠 | AD53: 4.7; 4.7; 4.7 | AE53: 5116 | AF53: 淘宝 | AG53: 0.9771 | AH53: 女装/女士精品 | AI53: 连衣裙 | AK53: 42239 | AL53: 0.79738426 | AM53: 58分28秒 | AN53: 日 | AO53: http://item.taobao.com/item.htm?id=45761398641 | AP53: http://item.kandianbao.com/45761398641/ | AQ53: 其他 | AR53: 31%(含)-50%(含) | AT53: 其他 | AU53: 其他 | AV53: 白色，黑色 | AW53: 复古 | AX53: S，M，L，XL | AY53: 其他 | AZ53: 短裙 | BA53: 吊带 | BC53: 其他 | BD53: 蝴蝶结 | BF53: 其他 | BG53: 2015年春季 | BI53: 其他 | BK53: 通勤 | BM53: 高腰 | BN53: 其他 | BQ53: 无袖 | BR53: 整体不错(133) ; 板型很好(111) ; 穿着美(91) ; 很舒服(61) ; 码子很准(35) ; 款式漂亮(29) ;
A54: 52 | B54: 第 2 页 第 4 位 | C54: 歌兔印花连衣裙夏季长裙碎花雪纺2015夏装修身显瘦女装中长款裙子 | D54: GT15CQZ73 | E54: 298 | F54: 0.3319 | G54: 98.9 | H54: 98.9 | I54: 3559 | J54: 包邮 | K54: 6201 | L54: 0.0072 | M54: 7999 | N54: 0.0071 | O54: 791101.1 | P54: 0.0143 | Q54: 92930 | R54: - | S54: - | T54: 27 | U54: 17776 | Z54: 浙江杭州 | AA54: 歌兔服饰旗舰店 | AB54: 41592.604 | AC54: 5冠 | AD54: 4.8; 4.8; 4.8 | AE54: 105194 | AF54: 天猫 | AG54: 1 | AH54: 女装/女士精品 | AI54: 连衣裙 | AK54: 42241 | AL54: 0.87513889 | AM54: 2天2时50分26秒 | AN54: 二 | AO54: http://item.taobao.com/item.htm?id=44630071873 | AP54: http://item.kandianbao.com/44630071873/ | AQ54: 单件 | AR54: 95%以上 | AT54: V领 | AU54: 套头 | AV54: 椰树印花，向日葵印花，黑色印花，牡丹印花，鸟语花香，红色印花，蓝色印花 | AW54: 韩版 | AX54: S，M，L，XL，XXL | AY54: 花色 | AZ54: 长裙 | BA54: 其他/other | BC54: 雪纺 | BD54: 抽褶，褶皱，拉链 | BE54: GT15CQZ73 | BF54: 大摆型 | BG54: 2015年夏季 | BH54: 聚酯纤维100% | BI54: 其他 | BJ54: 歌兔 | BK54: 通勤 | BM54: 宽松腰 | BN54: 涤纶 | BP54: 25-29周岁 | BQ54: 无袖 | BR54: 衣服不错(5689) ; 版式好(3542) ; 穿着美(2966) ; 很舒服(2618) ; 款式好(2388) ; 料子差(235) ;
A55: 53 | B55: 第 2 页 第 5 位 | C55: 欧洲站2015夏装新款韩版修身显瘦欧根纱印花背心裙子无袖连衣裙女 | D55: FM150610 | E55: 588 | F55: 0.2633 | G55: 154.84 | H55: 154.84 | I55: 868 | J55: 包邮 | K55: 6151 | L55: 0.0072 | M55: 8187 | N55: 0.0072 | O55: 1267675.1 | P55: 0.0229 | Q55: 68692 | R55: 137617 | S55: 0.4992 | T55: 6 | U55: 1424 | Y55: 7天无理由|蚂蚁花呗|信用卡支付|集分宝|如实描述 | Z55: 浙江杭州 | AA55: juju899071 | AB55: 40342.042 | AC55: 3冠 | AD55: 4.7; 4.8; 4.7 | AE55: 70623 | AF55: 淘宝 | AG55: 0.9735 | AH55: 女装/女士精品 | AI55: 连衣裙 | AK55: 42242 | AL55: 0.914375 | AM55: 3天3时46分56秒 | AN55: 三 | AO55: http://item.taobao.com/item.htm?id=520465734190 | AP55: http://item.kandianbao.com/520465734190/ | AQ55: 假两件 | AR55: 51%(含)-70%(含) | AT55: 圆领 | AU55: 拉链 | AV55: 图片色 | AW55: 韩版 | AX55: XS，S，M，L，XL | AY55: 圆点 | AZ55: 短裙 | BA55: 其他/other | BC55: 欧根纱 | BD55: 蝴蝶结，系带，拼接，拉链，印花 | BE55: FM150610 | BF55: 公主裙 | BG55: 2015年夏季 | BI55: 常规 | BK55: 通勤 | BM55: 高腰 | BN55: 其他 | BQ55: 无袖 | BR55: 宝贝很赞(18) ; 式样好(12) ; 服务好(12) ; 尺码很好(8) ; 款式好看(8) ; 实惠(7) ;
A56: 54 | B56: 第 2 页 第 6 位 | C56: 欧洲站2015套装女夏女装小熊印花T背带长裙两件套连衣裙背带套装 | E56: 84 | F56: 0.3929 | G56: 33 | H56: 33 | I56: 16545 | J56: 包邮 | K56: 6122 | L56: 0.0072 | M56: 6967 | N56: 0.0061 | O56: 229911 | P56: 0.0042 | Q56: 49316 | R56: 324009 | S56: 0.1522 | T56: 24 | U56: 12465 | Y56: 8天退货，退货邮费买家承担|蚂蚁花呗|信用卡支付|集分宝|如实描述 | Z56: 浙江杭州 | AA56: 日韩女装专铺 | AB56: 41160.864 | AC56: 3冠 | AD56: 4.7; 4.7; 4.6 | AE56: 9519 | AF56: 淘宝 | AG56: 0.9744 | AH56: 女装/女士精品 | AI56: 连衣裙 | AK56: 42245 | AL56: 0.87586806 | AM56: 6天2时51分29秒 | AN56: 六 | AO56: http://item.taobao.com/item.htm?id=45617110699 | AP56: http://item.kandianbao.com/45617110699/ | AQ56: 两件套 | AR56: 81%(含)-90%(含) | AT56: 圆领 | AU56: 套头 | AV56: 单件T恤，背心裙，两件套，注明：涨价在即 | AW56: 韩版 | AX56: 即将：涨价69元，S，M，L，XL，2XL | AY56: 卡通动漫 | AZ56: 长裙 | BA56: 背带 | BC56: 其他 | BD56: 系带，背带 | BF56: 一步裙 | BG56: 2015年夏季 | BI56: 常规 | BK56: 通勤 | BM56: 中腰 | BN56: 其他 | BQ56: 短袖 | BR56: 衣服不错(2136) ; 穿着效果好(1865) ; 版型好看(1518) ; 衣服很舒服(1339) ; 衣服很合身(801) ; 质量不行(143) ;
A57: 55 | B57: 第 2 页 第 7 位 | C57: 卡洛莱韩版修身露肩收腰A字裙2015夏季新款女装时尚雪纺连衣裙女 | D57: KXXM572JW0 | E57: 298 | F57: 0.4295 | G57: 128 | H57: 128 | I57: 15609 | J57: 包邮 | K57: 6067 | L57: 0.0071 | M57: 9502 | N57: 0.0084 | O57: 1216256 | P57: 0.022 | Q57: 89778 | R57: - | S57: - | T57: 19 | U57: 8612 | Z57: 浙江杭州 | AA57: 卡洛莱旗舰店 | AB57: 41221.717 | AC57: 5冠 | AD57: 4.8; 4.8; 4.8 | AE57: 253048 | AF57: 天猫 | AG57: 1 | AH57: 女装/女士精品 | AI57: 连衣裙 | AK57: 42244 | AL57: 0.016863426 | AM57: 4天6时14分31秒 | AN57: 五 | AO57: http://item.taobao.com/item.htm?id=45785571808 | AP57: http://item.kandianbao.com/45785571808/ | AQ57: 单件 | AR57: 95%以上 | AS57: A型 | AT57: 圆领 | AU57: 套头 | AV57: 绿色现货，白色现货，红色现货，粉色现货，橘色，水蓝色，玫红色现货 | AW57: 韩版 | AX57: 160/M，165/L，170/XL，175/XXL，155/S | AY57: 纯色 | AZ57: 中长裙 | BA57: 其他/other | BB57: 纯电商(只在线上销售) | BC57: 其他 | BD57: 抽褶，褶皱，拼接，拉链 | BE57: KXXM572JW0 | BF57: A字裙 | BG57: 2015年夏季 | BH57: 聚酯纤维100% | BI57: 常规 | BJ57: 卡洛莱 | BK57: 通勤 | BM57: 中腰 | BN57: 涤纶 | BP57: 25-29周岁 | BQ57: 短袖 | BR57: 宝贝很赞(2188) ; 外形好看(1411) ; 款式好看(1203) ; 穿上好看(1160) ; 衣衣很舒服(976) ; 质量一般(145) ;
A58: 56 | B58: 第 2 页 第 8 位 | C58: 夏装新款2015韩版蕾丝欧根纱拼接网纱蓬蓬裙无袖a字裙公主连衣裙 | D58: 8777 | E58: 124 | F58: 0.1935 | G58: 24 | H58: 24 | I58: 28595 | J58: 包邮 | K58: 5970 | L58: 0.007 | M58: 6443 | N58: 0.0057 | O58: 154632 | P58: 0.0028 | Q58: 26010 | R58: 29107 | S58: 0.8936 | T58: 3 | U58: 2936 | Y58: 卖家承诺24小时内发货|7天无理由|集分宝|支付宝支付|如实描述 | Z58: 浙江杭州 | AA58: 天将降莲花 | AB58: 41586.606 | AC58: 5钻 | AD58: 4.6; 4.7; 4.6 | AE58: 1550 | AF58: 淘宝 | AG58: 0.9801 | AH58: 女装/女士精品 | AI58: 连衣裙 | AK58: 42245 | AL58: 0.90972222 | AM58: 6天3时40分14秒 | AN58: 六 | AO58: http://item.taobao.com/item.htm?id=520323420745 | AP58: http://item.kandianbao.com/520323420745/ | AQ58: 单件 | AR58: 51%(含)-70%(含) | AS58: A型 | AT58: 圆领 | AU58: 套头 | AV58: 普通面料易起球，白色 | AW58: 韩版 | AX58: 收藏宝贝送小礼品，S，M，L，XL | AY58: 纯色 | AZ58: 短裙 | BA58: 其他/other | BC58: 蕾丝 | BD58: 勾花镂空，拼接，纱网 | BE58: 8777 | BF58: 公主裙 | BG58: 2015年夏季 | BI58: 公主袖 | BJ58: 莲花家 | BK58: 通勤 | BM58: 高腰 | BP58: 18-24周岁 | BQ58: 无袖 | BR58: 版式好(249) ; 衣服不错(199) ; 穿着美(89) ; 很舒服(82) ; 款式好(48) ; 人群(35) ;
A59: 57 | B59: 第 2 页 第 9 位 | C59: 2015韩版新款夏季无袖印花宽松亚麻中长款胖mm大码棉麻连衣裙 女 | E59: 93 | F59: 0.2581 | G59: 24 | H59: 24 | I59: 74772 | J59: 包邮 | K59: 5969 | L59: 0.007 | M59: 6896 | N59: 0.0061 | O59: 165504 | P59: 0.003 | Q59: 42508 | R59: 108832 | S59: 0.3906 | T59: 6 | U59: 6466 | Y59: 7天无理由|蚂蚁花呗|信用卡支付|集分宝|如实描述 | Z59: 广东广州 | AA59: zenglingxin5xx | AB59: 41605.983 | AC59: 3冠 | AD59: 4.6; 4.6; 4.4 | AE59: 9200 | AF59: 淘宝 | AG59: 0.949 | AH59: 女装/女士精品 | AI59: 连衣裙 | AK59: 42244 | AL59: 0.83333333 | AM59: 5天1时50分14秒 | AN59: 五 | AO59: http://item.taobao.com/item.htm?id=45783442240 | AP59: http://item.kandianbao.com/45783442240/ | AQ59: 单件 | AR59: 81%(含)-90%(含) | AT59: 圆领 | AU59: 一粒扣 | AV59: 蓝色【优质棉麻】，白色【优质棉麻】，蓝色【普通面料】，白色【普通面料】 | AW59: 淑女 | AX59: S【85-98斤】，M【98-108斤】，L【108-120斤】，XL【120-130斤】，2XL【130-140斤】，3XL【140-150斤】 | AY59: 碎花 | AZ59: 中长裙 | BA59: 吊带 | BC59: 织锦 | BD59: 印花 | BF59: A字裙 | BG59: 2015年夏季 | BI59: 其他 | BJ59: 无 | BK59: 通勤 | BM59: 宽松腰 | BN59: 棉 | BP59: 18-24周岁 | BQ59: 短袖 | BR59: 宝贝很赞(806) ; 衣衣很舒服(746) ; 外形好看(497) ; 穿上好看(337) ; 料子好(308) ; 码数不合(100) ;
A60: 58 | B60: 第 2 页 第 10 位 | C60: 2015夏季新款韩版v领气质大码连衣裙雪纺拼接流苏复古中长裙女装 | E60: 299 | F60: 0.4154 | G60: 124.2 | H60: 124.2 | I60: 543 | J60: 包邮 | K60: 5899 | L60: 0.0069 | M60: 7338 | N60: 0.0065 | O60: 911379.6 | P60: 0.0165 | Q60: 24972 | R60: 98479 | S60: 0.2536 | T60: 4 | U60: 950 | Y60: 卖家承诺7天内发货|7天无理由|蚂蚁花呗|信用卡支付|集分宝|如实描述 | Z60: 江苏苏州 | AA60: jzjz0307 | AB60: 41206.775 | AC60: 3冠 | AD60: 4.7; 4.8; 4.7 | AE60: 54256 | AF60: 淘宝 | AG60: 0.986 | AH60: 女装/女士精品 | AI60: 连衣裙 | AK60: 42244 | AL60: 0.70731481 | AM60: 4天22时48分46秒 | AN60: 五 | AO60: http://item.taobao.com/item.htm?id=520368699812 | AP60: http://item.kandianbao.com/520368699812/ | AQ60: 单件 | AS60: H型 | AT60: V领 | AU60: 套头 | AV60: 黑色 | AW60: 复古 | AX60: S，M，L，XL，2XL | AZ60: 中裙 | BC60: 雪纺 | BD60: 流苏，拼接，扎花 | BF60: 不规则裙 | BG60: 2015年夏季 | BI60: 常规 | BK60: 通勤 | BM60: 宽松腰 | BQ60: 短袖 | BR60: 质量好(59) ; 衣衣很舒服(48) ; 穿上好看(37) ; 式样好(32) ; 款式蛮好(26) ; 料子好(19) ;
A61: 59 | B61: 第 2 页 第 11 位 | C61: 2015夏装新款气质修身显瘦条纹波点碎花无袖连衣裙背心背带裙 潮 | D61: 1403 | E61: 100 | F61: 0.21 | G61: 21 | H61: 21 | I61: 102628 | J61: 包邮 | K61: 5883 | L61: 0.0069 | M61: 7514 | N61: 0.0066 | O61: 157794 | P61: 0.0029 | Q61: 33448 | R61: 78057 | S61: 0.4285 | T61: 17 | U61: 5279 | Y61: 卖家承诺72小时内发货|7天无理由|蚂蚁花呗|信用卡支付|集分宝|如实描述 | Z61: 广东广州 | AA61: 优品女装团购网 | AB61: 41566.042 | AC61: 3冠 | AD61: 4.7; 4.7; 4.6 | AE61: 5620 | AF61: 淘宝 | AG61: 0.9857 | AH61: 女装/女士精品 | AI61: 连衣裙 | AK61: 42244 | AL61: 0.8969213 | AM61: 5天3时21分48秒 | AN61: 五 | AO61: http://item.taobao.com/item.htm?id=45847604765 | AP61: http://item.kandianbao.com/45847604765/ | AQ61: 单件 | AR61: 81%(含)-90%(含) | AS61: A型 | AT61: 圆领 | AU61: 套头 | AV61: 白色羽毛，条纹，皇冠，字母，五角星，嘴唇，大格子，新推图案限时优惠，新出竖条纹图案！，竖条纹 | AW61: 韩版 | AX61: 收藏分享送礼品！，M（建议100以下），L（建议100-110），XL（110-120） | AY61: 其他 | AZ61: 短裙 | BA61: 其他/other | BC61: 其他 | BD61: 波浪 | BE61: 1403 | BF61: 其他 | BG61: 2015年夏季 | BI61: 常规 | BJ61: 优品女装团购网 | BK61: 通勤 | BM61: 中腰 | BN61: 其他 | BP61: 18-24周岁 | BQ61: 无袖 | BR61: 质量蛮好(690) ; 外形好看(660) ; 穿着美(618) ; 很舒服(399) ; 码数很准(261) ; 不合身(50) ;
A62: 60 | B62: 第 2 页 第 12 位 | C62: 2015新款女夏装韩版直筒裙休闲大码女装宽松显瘦条纹印花连衣裙 | D62: 828# | E62: 198 | F62: 0.1359 | G62: 26.9 | H62: 26.9 | I62: 21351 | J62: 包邮 | K62: 5773 | L62: 0.0067 | M62: 6902 | N62: 0.0061 | O62: 185663.8 | P62: 0.0034 | Q62: 3386 | R62: 24146 | S62: 0.1402 | T62: 3 | U62: 1654 | Y62: 卖家承诺72小时内发货|8天退货，退货邮费买家承担|集分宝|支付宝支付|如实描述 | Z62: 广东广州 | AA62: 冷雨纷飞98 | AB62: 41815.565 | AC62: 2冠 | AD62: 4.6; 4.7; 4.6 | AE62: 1181 | AF62: 淘宝 | AG62: 0.9811 | AH62: 女装/女士精品 | AI62: 连衣裙 | AK62: 42243 | AL62: 0.48200231 | AM62: 3天17时24分19秒 | AN62: 四 | AO62: http://item.taobao.com/item.htm?id=520831632968 | AP62: http://item.kandianbao.com/520831632968/ | AQ62: 单件 | AR62: 95%以上 | AT62: V领 | AU62: 套头 | AV62: 卡其条纹，黄色条纹，马上涨价59，只发圆通快递包邮 | AW62: 韩版 | AX62: 今天拍送腰带，S，M，L，XL，2XL | AZ62: 中裙 | BA62: 其他/other | BC62: 其他 | BD62: 印花 | BE62: 828# | BG62: 2015年夏季 | BI62: 连袖 | BK62: 通勤 | BM62: 宽松腰 | BN62: 麻 | BP62: 25-29周岁 | BQ62: 短袖 | BR62: 质量好(26) ; 衣衣很舒服(23) ; 划算(22) ; 式样好(16) ; 穿上好看(14) ; 和描述一致(10) ;
A63: 61 | B63: 第 2 页 第 13 位 | C63: 2015夏季新款韩版印花无袖大码蓬蓬裙显瘦短裙小礼服夏天连衣裙子 | E63: 98 | F63: 0.3761 | G63: 36.86 | H63: 36.86 | I63: 54504 | J63: 包邮 | K63: 5719 | L63: 0.0067 | M63: 8387 | N63: 0.0074 | O63: 309144.82 | P63: 0.0056 | Q63: 22562 | R63: 31804 | S63: 0.7094 | T63: 4 | U63: 3372 | Y63: 7天无理由|蚂蚁花呗|信用卡支付|集分宝|如实描述 | Z63: 广东广州 | AA63: 百衣公主 | AB63: 41270.031 | AC63: 3冠 | AD63: 4.7; 4.7; 4.7 | AE63: 55638 | AF63: 淘宝 | AG63: 0.9605 | AH63: 女装/女士精品 | AI63: 连衣裙 | AK63: 42242 | AL63: 0.849375 | AM63: 3天2时13分20秒 | AN63: 三 | AO63: http://item.taobao.com/item.htm?id=520157530977 | AP63: http://item.kandianbao.com/520157530977/ | AQ63: 单件 | AR63: 91%(含)-95%(含) | AT63: 圆领 | AU63: 套头 | AV63: 桃花粉色，桃花蓝色，259梦幻王国，黄色小花朵，蓝色小花朵，玫红小花朵，蓝色皇冠，小蝴蝶白色，小蝴蝶蓝色，黑白小丑人，小猫咪蓝色，红色小红花，蓝色小红花，玫瑰大红花，复古人物，复古建筑，冰点钻石，人名币头像，螺纹钻石粉色，螺纹钻石玫红色，螺纹钻石宝蓝色，螺纹钻石黑色，螺纹钻石白色，彩色城堡，乳白色，白色，浅灰色，玫红色，红色，青色，宝蓝色，深蓝色，湖蓝色，蓝色，藏青色，紫色，深卡其布色 | AX63: S，M，L，XL，2XL | AY63: 花色 | AZ63: 短裙 | BA63: 其他/other | BC63: 织锦 | BD63: 螺纹 | BF63: 公主裙 | BG63: 2015年夏季 | BI63: 常规 | BK63: 街头 | BM63: 中腰 | BN63: 棉 | BO63: 欧美 | BQ63: 无袖 | BR63: 板型很好(328) ; 整体不错(315) ; 穿着美(153) ; 码子很准(114) ; 很舒服(57) ; 面料好(54) ;
A64: 62 | B64: 第 2 页 第 14 位 | C64: 全国包邮夏装新款宽松网纱蕾丝无袖连衣裙女短裙子蓬蓬公主裙白色 | D64: XX | E64: 199 | F64: 0.4278 | G64: 85.14 | H64: 85.14 | I64: 11982 | J64: 包邮 | K64: 5683 | L64: 0.0066 | M64: 6341 | N64: 0.0056 | O64: 539872.74 | P64: 0.0098 | Q64: 52046 | R64: 218369 | S64: 0.2383 | T64: 13 | U64: 3838 | W64: 1.单笔订单满188元免运费(不包邮地区：内蒙古;黑龙江;甘肃;青海;宁夏;新疆;西藏;台湾;香港;澳门)；亲，快下手吧！ | Y64: 卖家承诺72小时内发货|7天无理由|蚂蚁花呗|信用卡支付|集分宝|如实描述 | Z64: 浙江杭州 | AA64: 蜜蜜家98 | AB64: 41160.727 | AC64: 5冠 | AD64: 4.8; 4.8; 4.7 | AE64: 304738 | AF64: 淘宝 | AG64: 0.9904 | AH64: 女装/女士精品 | AI64: 连衣裙 | AK64: 42240 | AL64: 0.41666667 | AM64: 0.65988426 | AN64: 一 | AO64: http://item.taobao.com/item.htm?id=520268948186 | AP64: http://item.kandianbao.com/520268948186/ | AQ64: 单件 | AR64: 31%(含)-50%(含) | AS64: A型 | AT64: 圆领 | AU64: 套头 | AV64: 白色 | AW64: 韩版 | AX64: S【正版】，M【正版】，L【正版】 | AY64: 纯色 | AZ64: 短裙 | BA64: 其他/other | BC64: 蕾丝 | BD64: 勾花镂空，拼接，纱网，蕾丝 | BE64: XX | BF64: 公主裙 | BG64: 2015年夏季 | BI64: 公主袖 | BJ64: 蜜蜜家98 | BK64: 通勤 | BM64: 高腰 | BP64: 25-29周岁 | BQ64: 无袖 | BR64: 版型好(580) ; 质量好(444) ; 穿着漂亮(181) ; 很舒适(170) ; 尺寸很准(82) ; 穿着效果不好(54) ;
A65: 63 | B65: 第 2 页 第 15 位 | C65: 夏季新款2015夏装女装新款韩版中长款修身显瘦雪纺印花连衣裙子潮 | E65: 316 | F65: 0.495 | G65: 156.42 | H65: 156.42 | I65: 1291 | J65: 包邮 | K65: 5671 | L65: 0.0066 | M65: 6281 | N65: 0.0055 | O65: 982474.02 | P65: 0.0178 | Q65: 45936 | R65: 244396 | S65: 0.188 | T65: 9 | U65: 1052 | Y65: 卖家承诺5天内发货|7天无理由|蚂蚁花呗|信用卡支付|集分宝|如实描述 | Z65: 浙江杭州 | AA65: 时尚米娜服装 | AB65: 41332.681 | AC65: 3冠 | AD65: 4.6; 4.7; 4.7 | AE65: 100922 | AF65: 淘宝 | AG65: 0.9807 | AH65: 女装/女士精品 | AI65: 连衣裙 | AK65: 42246 | AL65: 0.49951389 | AM65: 6天17时49分32秒 | AN65: 日 | AO65: http://item.taobao.com/item.htm?id=520472986278 | AP65: http://item.kandianbao.com/520472986278/ | AQ65: 单件 | AR65: 51%(含)-70%(含) | AS65: H型 | AT65: 圆领 | AU65: 单排扣 | AV65: 图片色 | AW65: 韩版 | AX65: S，M，L，XL，2XL | AY65: 人物 | AZ65: 中裙 | BC65: 雪纺 | BD65: 镶钻，口袋，系带，纽扣，3D，印花 | BF65: 其他 | BG65: 2015年夏季 | BI65: 常规 | BK65: 通勤 | BM65: 中腰 | BQ65: 短袖 | BR65: 质量不错(74) ; 款式很好(52) ; 穿着漂亮(41) ; 板型很好(41) ; 码子很准(37) ; 很舒适(33) ;
A66: 64 | B66: 第 2 页 第 16 位 | C66: 2015夏季新款韩版女装性感无袖背心裙修身短裙吊带沙滩碎花连衣裙 | D66: 8607 | E66: 298 | F66: 0.107 | G66: 31.9 | H66: 31.9 | I66: 28317 | J66: 包邮 | K66: 5612 | L66: 0.0066 | M66: 7214 | N66: 0.0064 | O66: 230126.6 | P66: 0.0042 | Q66: 94804 | R66: - | S66: - | T66: 82 | U66: 20577 | W66: 满148元，省5元|满248元，省10元|满348元，省20元 | Z66: 广东广州 | AA66: 芊姿铭旗舰店 | AB66: 41887.708 | AC66: 3冠 | AD66: 4.6; 4.7; 4.8 | AE66: 9395 | AF66: 天猫 | AG66: 1 | AH66: 女装/女士精品 | AI66: 连衣裙 | AK66: 42244 | AL66: 0.58831019 | AM66: 4天19时57分24秒 | AN66: 五 | AO66: http://item.taobao.com/item.htm?id=44142652151 | AP66: http://item.kandianbao.com/44142652151/ | AQ66: 单件 | AR66: 30%及以下 | AT66: V领 | AU66: 套头 | AV66: 白色，粉色，绿色，蓝色，黄色，黑色 | AW66: 韩版 | AX66: XS，S，M，L，XL，XXL | AY66: 碎花 | AZ66: 短裙 | BA66: 吊带 | BB66: 纯电商(只在线上销售) | BC66: 针织 | BD66: 荷叶边，露背，印花 | BE66: 8607 | BF66: 大摆型 | BG66: 2015年夏季 | BH66: 再生纤维素纤维73.8% 聚对苯二甲酸乙二酯(涤纶)22.7% 聚氨酯弹性纤维(氨纶)3.5% | BI66: 其他 | BJ66: 芊姿铭 | BK66: 通勤 | BM66: 高腰 | BN66: 涤纶 | BP66: 18-24周岁 | BQ66: 无袖 | BR66: 式样好(4467) ; 质量蛮好(4378) ; 穿着效果好(3990) ; 衣服很舒服(1641) ; 尺码很好(1326) ; 颜色不喜欢(772) ;
A67: 65 | B67: 第 2 页 第 17 位 | C67: 2015夏季新款韩版女装甜美学院风条纹拼色露肩可爱娃娃款连衣裙潮 | E67: 203 | F67: 0.1166 | G67: 23.66 | H67: 23.66 | I67: 11132 | J67: 包邮 | K67: 5607 | L67: 0.0065 | M67: 6731 | N67: 0.0059 | O67: 159255.46 | P67: 0.0029 | Q67: 25206 | R67: 21863 | S67: 1.1529 | T67: 0 | U67: 2260 | Y67: 卖家承诺48小时内发货|7天无理由|集分宝|支付宝支付|如实描述 | Z67: 广东广州 | AA67: qq395950340 | AB67: 41192.685 | AC67: 2冠 | AD67: 4.6; 4.6; 4.4 | AE67: 3193 | AF67: 淘宝 | AG67: 0.9655 | AH67: 女装/女士精品 | AI67: 连衣裙 | AK67: 42240 | AL67: 0.61172454 | AM67: 0.85494213 | AN67: 一 | AO67: http://item.taobao.com/item.htm?id=520355332942 | AP67: http://item.kandianbao.com/520355332942/ | AQ67: 其他 | AT67: 其他 | AU67: 其他 | AV67: 白色，黑色 | AW67: 复古 | AX67: 其它尺码，S，M，L，XL，2XL | AY67: 其他 | AZ67: 短裙 | BA67: 其他/other | BC67: 其他 | BF67: 其他 | BG67: 2015年夏季 | BI67: 其他 | BJ67: 无 | BK67: 通勤 | BM67: 宽松腰 | BN67: 其他 | BP67: 18-24周岁 | BQ67: 短袖 | BR67: 外形好看(84) ; 很舒适(60) ; 宝贝很赞(60) ; 很划算(45) ; 穿着漂亮(37) ; 码数很准(21) ;
A68: 66 | B68: 第 2 页 第 18 位 | C68: 2015棉麻连衣裙夏文艺复古气质显瘦大码休闲亚麻两件套装裙长裙女 | E68: 158 | F68: 0.5 | G68: 79 | H68: 79 | I68: 7970 | J68: 包邮 | K68: 5516 | L68: 0.0064 | M68: 6027 | N68: 0.0053 | O68: 476133 | P68: 0.0086 | Q68: 10964 | R68: 48315 | S68: 0.2269 | T68: 3 | U68: 1729 | Y68: 7天无理由|信用卡支付|集分宝|支付宝支付|如实描述 | Z68: 广东广州 | AA68: 伊利儿服饰 | AB68: 41304.591 | AC68: 1冠 | AD68: 4.7; 4.7; 4.7 | AE68: 2329 | AF68: 淘宝 | AG68: 0.9851 | AH68: 女装/女士精品 | AI68: 连衣裙 | AK68: 42244 | AL68: 0.66712963 | AM68: 4天21时50分54秒 | AN68: 五 | AO68: http://item.taobao.com/item.htm?id=520564014099 | AP68: http://item.kandianbao.com/520564014099/ | AQ68: 两件套 | AR68: 51%(含)-70%(含) | AS68: H型 | AT68: 圆领 | AU68: 套头 | AV68: 灰色，粉红色，绿色 | AW68: 复古 | AX68: M，L，XL，2XL | AY68: 纯色 | AZ68: 长裙 | BA68: 其他/other | BD68: 荷叶边，不对称，纽扣 | BF68: 大摆型 | BG68: 2015年夏季 | BI68: 常规 | BK68: 通勤 | BM68: 宽松腰 | BN68: 麻 | BQ68: 短袖 | BR68: 整体不错(37) ; 衣服很舒服(35) ; 穿着效果好(20) ; 很便宜(13) ; 式样好(13) ; 布料好(12) ;
A69: 67 | B69: 第 2 页 第 19 位 | C69: 棉麻连衣裙女夏季2015夏装女装新款韩版潮中长款修身显瘦中裙裙子 | E69: 321 | F69: 0.0935 | G69: 30 | H69: 30 | I69: 195892 | J69: 包邮 | K69: 5476 | L69: 0.0064 | M69: 6958 | N69: 0.0061 | O69: 208740 | P69: 0.0038 | Q69: 15944 | R69: 107914 | S69: 0.1477 | T69: 9 | U69: 3809 | Y69: 卖家承诺48小时内发货|7天无理由|蚂蚁花呗|信用卡支付|集分宝|如实描述 | Z69: 广东广州 | AA69: zhouhaizhi88 | AB69: 39895.707 | AC69: 3冠 | AD69: 4.6; 4.6; 4.5 | AE69: 14282 | AF69: 淘宝 | AG69: 0.969 | AH69: 女装/女士精品 | AI69: 连衣裙 | AK69: 42243 | AL69: 0.73478009 | AM69: 3天23时28分19秒 | AN69: 四 | AO69: http://item.taobao.com/item.htm?id=520044602048 | AP69: http://item.kandianbao.com/520044602048/ | AQ69: 单件 | AR69: 91%(含)-95%(含) | AT69: 圆领 | AU69: 套头 | AV69: 军绿【优质棉麻】，粉色【优质棉麻】，红色【优质棉麻】，桔色【优质棉麻】，绿色 普通面料，粉色 普通面料，红色 普通面料，桔色 普通面料，桔红色，红色，军绿色 | AW69: 韩版 | AX69: S，M，L，XL，XXL | AY69: 纯色 | AZ69: 中裙 | BA69: 其他/other | BC69: 织锦 | BD69: 抽褶，褶皱，系带，纽扣 | BF69: A字裙 | BG69: 2015年夏季 | BI69: 常规 | BK69: 通勤 | BM69: 中腰 | BN69: 麻 | BP69: 25-29周岁 | BQ69: 短袖 | BR69: 质量好(385) ; 衣衣很舒服(242) ; 版型好看(232) ; 穿上好看(157) ; 衣服很合身(138) ; 码数不合(40) ;
A70: 68 | B70: 第 2 页 第 20 位 | C70: 新款V领中长款修身短袖连衣裙韩版纯色侧开叉打底t恤裙子女春夏装 | D70: T021 | E70: 99 | F70: 0.1879 | G70: 18.6 | H70: 18.6 | I70: 29603 | J70: 包邮 | K70: 5406 | L70: 0.0063 | M70: 7248 | N70: 0.0064 | O70: 134812.8 | P70: 0.0024 | Q70: 18126 | R70: - | S70: - | T70: 0 | U70: 2744 | Z70: 广东广州 | AA70: 韩熹儿阔傲专卖店 | AB70: 41933.437 | AC70: 4冠 | AD70: 4.6; 4.6; 4.8 | AE70: 36789 | AF70: 天猫 | AG70: 1 | AH70: 女装/女士精品 | AI70: 连衣裙 | AK70: 42244 | AL70: 0.67365741 | AM70: 4天22时0分18秒 | AN70: 五 | AO70: http://item.taobao.com/item.htm?id=520306305470 | AP70: http://item.kandianbao.com/520306305470/ | AQ70: 单件 | AR70: 95%以上 | AS70: A型 | AT70: V领 | AU70: 套头 | AV70: 8258黑色 | AW70: 韩版 | AX70: M，L，XL，XXL | AY70: 纯色 | AZ70: 中长裙 | BA70: 背带 | BB70: 纯电商(只在线上销售) | BC70: 针织 | BE70: T021 | BF70: A字裙 | BG70: 2015年夏季 | BH70: 聚对苯二甲酸乙二酯(涤纶)100% | BI70: 常规 | BJ70: 韩熹儿 | BK70: 通勤 | BM70: 中腰 | BN70: 涤纶 | BP70: 18-24周岁 | BQ70: 短袖 | BR70: 质量好(242) ; 很舒适(225) ; 穿着漂亮(115) ; 板型很好(95) ; 料子不错(80) ; 颜色不喜欢(56) ;
A71: 69 | B71: 第 2 页 第 21 位 | C71: 韩国代购2015夏装新款女装修身裙子蓬蓬A字裙中裙红色连衣裙夏季 | D71: 51Q020 | E71: 184 | F71: 0.1467 | G71: 27 | H71: 27 | I71: 12920 | J71: 包邮 | K71: 5393 | L71: 0.0063 | M71: 6992 | N71: 0.0062 | O71: 188784 | P71: 0.0034 | Q71: 13532 | R71: 12305 | S71: 1.0997 | T71: 3 | U71: 1121 | Y71: 卖家承诺24小时内发货|7天无理由|蚂蚁花呗|集分宝|支付宝支付|如实描述 | Z71: 广东广州 | AA71: 韩韩美贞 | AB71: 42078.514 | AC71: 5钻 | AD71: 4.6; 4.6; 4.5 | AE71: 2399 | AF71: 淘宝 | AG71: 0.9251 | AH71: 女装/女士精品 | AI71: 连衣裙 | AK71: 42239 | AL71: 0.90972222 | AM71: 0.15293981 | AN71: 日 | AO71: http://item.taobao.com/item.htm?id=45826090664 | AP71: http://item.kandianbao.com/45826090664/ | AQ71: 单件 | AR71: 71%(含)-80%(含) | AT71: 圆领 | AU71: 套头 | AV71: 白色，红色 | AW71: 韩版 | AX71: S【优质面料】，M【优质面料】，L【优质面料】，XL【优质面料】，S【普通面料】，M【普通面料】，L【普通面料】，XL【普通面料】 | AY71: 纯色 | AZ71: 中裙 | BA71: 其他/other | BE71: 51Q020 | BF71: A字裙 | BG71: 2015年夏季 | BI71: 常规 | BK71: 通勤 | BM71: 高腰 | BQ71: 短袖 | BR71: 质量好(139) ; 外形好看(67) ; 衣衣很舒服(61) ; 穿上好看(59) ; 款式蛮好(58) ; 做工好(56) ;
A72: 70 | B72: 第 2 页 第 22 位 | C72: 2015夏装韩版甜美气质修身显瘦勾花镂空A字蕾丝连衣裙包臀裙短裙 | E72: 158 | F72: 0.2273 | G72: 35.91 | H72: 35.91 | I72: 301581 | J72: 包邮 | K72: 5353 | L72: 0.0063 | M72: 8388 | N72: 0.0074 | O72: 301213.08 | P72: 0.0055 | Q72: 21504 | R72: 13358 | S72: 1.6098 | T72: 1 | U72: 1125 | Y72: 卖家承诺20小时内发货|8天退货，退货邮费卖家承担|蚂蚁花呗|信用卡支付|集分宝|如实描述 | Z72: 广东广州 | AA72: xiaols24 | AB72: 41229.624 | AC72: 2冠 | AD72: 4.5; 4.5; 4.4 | AE72: 5432 | AF72: 淘宝 | AG72: 0.9788 | AH72: 女装/女士精品 | AI72: 连衣裙 | AK72: 42245 | AL72: 0.97222222 | AM72: 6天5时10分14秒 | AN72: 六 | AO72: http://item.taobao.com/item.htm?id=520599060645 | AP72: http://item.kandianbao.com/520599060645/ | AQ72: 单件 | AS72: A型 | AT72: 圆领 | AU72: 套头 | AV72: 黑色，粉红色，红色，天蓝色 | AW72: 韩版 | AX72: 特价仅此一天，S，M，L，XL，2XL，3XL | AY72: 纯色 | AZ72: 短裙 | BD72: 蝴蝶结，勾花镂空，蕾丝 | BF72: 公主裙 | BG72: 2015年夏季 | BI72: 常规 | BK72: 通勤 | BM72: 中腰 | BQ72: 短袖 | BR72: 版型好看(23) ; 整体不错(21) ; 穿着美(20) ; 实惠(15) ; 很舒服(14) ; 如实描述(10) ;
A73: 71 | B73: 第 2 页 第 23 位 | C73: 2015夏季大码修身中长款短袖T恤连衣裙短裙女装韩版显瘦横条纹潮 | D73: L0001 | E73: 69 | F73: 0.2449 | G73: 16.9 | H73: 16.9 | I73: 12015 | J73: 包邮 | K73: 5347 | L73: 0.0062 | M73: 6557 | N73: 0.0058 | O73: 110813.3 | P73: 0.002 | Q73: 3850 | R73: - | S73: - | T73: 0 | U73: 3237 | Z73: 广东揭阳 | AA73: 沃茨凯旗舰店 | AB73: 41887.663 | AC73: 5钻 | AD73: 4.8; 4.8; 4.8 | AE73: 748 | AF73: 天猫 | AG73: 1 | AH73: 女装/女士精品 | AI73: 连衣裙 | AK73: 42239 | AL73: 0.96890046 | AM73: 0.21211806 | AN73: 日 | AO73: http://item.taobao.com/item.htm?id=520887827453 | AP73: http://item.kandianbao.com/520887827453/ | AQ73: 单件 | AR73: 81%(含)-90%(含) | AS73: A型 | AT73: 圆领 | AU73: 套头 | AV73: 白色，黑色 | AW73: 韩版 | AX73: M，L，XL，XXL，XXXL | AY73: 条纹 | AZ73: 短裙 | BB73: 纯电商(只在线上销售) | BD73: 3D | BE73: L0001 | BF73: 一步裙 | BG73: 2015年夏季 | BH73: 聚对苯二甲酸乙二酯(涤纶)90% 聚氨酯弹性纤维(氨纶)10% | BI73: 常规 | BJ73: wocicai/沃茨凯 | BK73: 通勤 | BM73: 中腰 | BN73: 涤纶 | BP73: 18-24周岁 | BQ73: 短袖 | BR73: 很舒服(11) ; 划算(11) ; 快递不错(11) ; 质量蛮好(9) ; 态度不错(7) ; 码子很准(6) ;
A74: 72 | B74: 第 2 页 第 24 位 | C74: 欧洲站2015春夏款圆领无袖背心修身A字百褶镂空蓬蓬连衣裙短长裙 | E74: 368 | F74: 0.1235 | G74: 45.44 | H74: 45.44 | I74: 16592 | J74: 包邮 | K74: 5307 | L74: 0.0062 | M74: 7632 | N74: 0.0067 | O74: 346798.08 | P74: 0.0063 | Q74: 17666 | R74: 22597 | S74: 0.7818 | T74: 1 | U74: 2554 | Y74: 7天无理由|蚂蚁花呗|信用卡支付|集分宝|如实描述 | Z74: 浙江杭州 | AA74: 潮流前线8838 | AB74: 41930.95 | AC74: 5钻 | AD74: 4.8; 4.8; 4.7 | AE74: 2013 | AF74: 淘宝 | AG74: 0.9865 | AH74: 女装/女士精品 | AI74: 连衣裙 | AK74: 42241 | AL74: 0.875 | AM74: 2天2时50分14秒 | AN74: 二 | AO74: http://item.taobao.com/item.htm?id=45537007717 | AP74: http://item.kandianbao.com/45537007717/ | AQ74: 单件 | AR74: 91%(含)-95%(含) | AT74: 圆领 | AU74: 拉链 | AV74: 白色，黑色，红色 | AX74: S【高质面料】，M【高质面料】，L【高质面料】，XL【高质面料】 | AY74: 纯色 | AZ74: 短裙 | BA74: 其他/other | BC74: 其他 | BF74: 大摆型 | BG74: 2015年夏季 | BI74: 其他 | BJ74: 00后 | BK74: 街头 | BM74: 高腰 | BN74: 其他 | BO74: 欧美 | BP74: 18-24周岁 | BQ74: 无袖 | BR74: 衣服不错(357) ; 版型漂亮(270) ; 穿着美(194) ; 颜色很好(85) ; 大小合适(75) ; 很舒服(56) ;
A75: 73 | B75: 第 2 页 第 25 位 | C75: 15夏季短袖条纹显瘦性感包臀短裙修身中长款针织时尚气质连衣裙女 | E75: 234.9 | F75: 0.126 | G75: 29.6 | H75: 29.6 | I75: 36674 | J75: 包邮 | K75: 5268 | L75: 0.0062 | M75: 13706 | N75: 0.0121 | O75: 405697.6 | P75: 0.0073 | Q75: 46006 | R75: 12477 | S75: 3.6873 | T75: 0 | U75: 282 | Y75: 7天无理由|蚂蚁花呗|信用卡支付|集分宝|如实描述 | Z75: 广东广州 | AA75: 尕琳shop | AB75: 41978.717 | AC75: 2冠 | AD75: 4.6; 4.7; 4.6 | AE75: 4851 | AF75: 淘宝 | AG75: 0.9856 | AH75: 女装/女士精品 | AI75: 连衣裙 | AK75: 42245 | AL75: 0.64583333 | AM75: 5天21时20分14秒 | AN75: 六 | AO75: http://item.taobao.com/item.htm?id=520726643134 | AP75: http://item.kandianbao.com/520726643134/ | AQ75: 单件 | AR75: 51%(含)-70%(含) | AT75: 圆领 | AU75: 套头 | AV75: 条纹，黑色，粉红色，红色，桔色 | AW75: 韩版 | AX75: S，M，L | AY75: 条纹 | AZ75: 中长裙 | BA75: 其他/other | BC75: 针织 | BD75: 系带，不对称 | BF75: A字裙 | BG75: 2015年夏季 | BI75: 蝙蝠袖 | BJ75: 无 | BK75: 通勤 | BM75: 松紧腰 | BN75: 棉 | BP75: 18-24周岁 | BQ75: 短袖
A76: 74 | B76: 第 2 页 第 26 位 | C76: 2015夏季新款女装修身蕾丝拼接雪纺连衣裙显瘦假两件无袖连衣裙女 | E76: 59.88 | F76: 0.3948 | G76: 23.64 | H76: 23.64 | I76: 39844 | J76: 包邮 | K76: 5237 | L76: 0.0061 | M76: 5674 | N76: 0.005 | O76: 134133.36 | P76: 0.0024 | Q76: 18988 | R76: 52742 | S76: 0.36 | T76: 6 | U76: 2489 | Y76: 7天无理由|集分宝|支付宝支付|如实描述 | Z76: 广东广州 | AA76: 李大嘴潮流坊 | AB76: 41812.688 | AC76: 4冠 | AD76: 4.5; 4.6; 4.5 | AE76: 7102 | AF76: 淘宝 | AG76: 0.9699 | AH76: 女装/女士精品 | AI76: 连衣裙 | AK76: 42241 | AL76: 0.89930556 | AM76: 2天3时25分14秒 | AN76: 二 | AO76: http://item.taobao.com/item.htm?id=520373990716 | AP76: http://item.kandianbao.com/520373990716/ | AQ76: 假两件 | AR76: 91%(含)-95%(含) | AT76: 圆领 | AU76: 套头 | AV76: 白色，黑色 | AX76: S，M，L，XL，XXL | AY76: 纯色 | AZ76: 中裙 | BA76: 其他/other | BD76: 拼接，蕾丝 | BF76: 大摆型 | BG76: 2015年夏季 | BK76: 甜美 | BL76: 学院 | BM76: 中腰 | BN76: 涤纶 | BQ76: 无袖 | BR76: 版型好看(100) ; 宝贝很赞(99) ; 便宜(77) ; 穿上好看(53) ; 衣服很合身(39) ; 衣衣很舒服(30) ;
A77: 75 | B77: 第 2 页 第 27 位 | C77: 2015夏装裙子性感短裙夏季女装中裙蕾丝拼接雪纺中长款短袖连衣裙 | E77: 69 | F77: 0.3913 | G77: 27 | H77: 27 | I77: 78423 | J77: 包邮 | K77: 5168 | L77: 0.006 | M77: 5809 | N77: 0.0051 | O77: 156843 | P77: 0.0028 | Q77: 8752 | R77: 23268 | S77: 0.3761 | T77: 36 | U77: 1226 | Y77: 7天无理由|蚂蚁花呗|信用卡支付|集分宝|如实描述 | Z77: 浙江杭州 | AA77: 韩恋衣柜 | AB77: 41509.89 | AC77: 2冠 | AD77: 4.6; 4.6; 4.5 | AE77: 4590 | AF77: 淘宝 | AG77: 0.9224 | AH77: 女装/女士精品 | AI77: 连衣裙 | AK77: 42241 | AL77: 0.69892361 | AM77: 1天22时36分41秒 | AN77: 二 | AO77: http://item.taobao.com/item.htm?id=520373202665 | AP77: http://item.kandianbao.com/520373202665/ | AQ77: 单件 | AR77: 51%(含)-70%(含) | AT77: 圆领 | AU77: 拉链 | AV77: 【印花连衣裙】 | AW77: 韩版 | AX77: S【普通面料25】，M【普通面料25】，L【普通面料25】，XL【普通面料25】，2XL【普通面料25，S【优质布料31】，M【优质布料31】，L【优质布料31】，XL【优质布料31】，2XL【优质布料31 | AY77: 纯色 | AZ77: 中裙 | BA77: 其他/other | BC77: 雪纺 | BD77: 荷叶边，拼接，拉链，蕾丝，印花 | BF77: A字裙 | BG77: 2015年夏季 | BI77: 常规 | BK77: 通勤 | BM77: 高腰 | BN77: 其他 | BP77: 25-29周岁 | BQ77: 短袖 | BR77: 质量蛮好(50) ; 很舒服(43) ; 版型好(28) ; 态度不错(25) ; 穿着美(20) ; 尺寸很准(19) ;
A78: 76 | B78: 第 2 页 第 28 位 | C78: 欧洲站2015夏装磨破拼皮牛仔背带裙夏显瘦复古牛仔背带裙连衣裙潮 | E78: 399 | F78: 0.1464 | G78: 58.41 | H78: 58.41 | I78: 67124 | J78: 包邮 | K78: 5156 | L78: 0.006 | M78: 10355 | N78: 0.0091 | O78: 604835.55 | P78: 0.0109 | Q78: 21986 | R78: 18721 | S78: 1.1744 | T78: 0 | U78: 1090 | Y78: 7天无理由|蚂蚁花呗|信用卡支付|集分宝|如实描述 | Z78: 广东深圳 | AA78: coco小新娘 | AB78: 41377.746 | AC78: 2冠 | AD78: 4.7; 4.7; 4.6 | AE78: 3887 | AF78: 淘宝 | AG78: 0.9829 | AH78: 女装/女士精品 | AI78: 连衣裙 | AK78: 42241 | AL78: 0.94259259 | AM78: 2天4时27分34秒 | AN78: 二 | AO78: http://item.taobao.com/item.htm?id=520521574957 | AP78: http://item.kandianbao.com/520521574957/ | AQ78: 单件 | AR78: 95%以上 | AV78: 820823821 | AW78: 复古 | AX78: XS，S，M，L，XL | AZ78: 短裙 | BA78: 其他/other | BC78: 牛仔布 | BD78: 手工磨破 | BF78: 其他 | BG78: 2015年夏季 | BK78: 通勤 | BM78: 中腰 | BN78: 棉 | BQ78: 无袖 | BR78: 衣服不错(16) ; 很划算(10) ; 版型好看(8) ; 快递不错(8) ; 态度不错(6) ; 很舒服(5) ;
A79: 77 | B79: 第 2 页 第 29 位 | C79: 2015夏装新款大码女装森女文艺小清新樱桃印花棉麻短袖宽松连衣裙 | D79: 1 | E79: 128 | F79: 0.3445 | G79: 44.1 | H79: 44.1 | I79: 17097 | J79: 包邮 | K79: 5113 | L79: 0.006 | M79: 5813 | N79: 0.0051 | O79: 256353.3 | P79: 0.0046 | Q79: 25624 | R79: 89523 | S79: 0.2862 | T79: 8 | U79: 4018 | Y79: 8天退货，退货邮费买家承担|蚂蚁花呗|集分宝|支付宝支付|如实描述 | Z79: 广东广州 | AA79: 试居谪诹7422 | AB79: 42065.574 | AC79: 1冠 | AD79: 4.8; 4.8; 4.8 | AE79: 8779 | AF79: 淘宝 | AG79: 0.9899 | AH79: 女装/女士精品 | AI79: 连衣裙 | AK79: 42242 | AL79: 0.90277778 | AM79: 3天3时30分14秒 | AN79: 三 | AO79: http://item.taobao.com/item.htm?id=520153511262 | AP79: http://item.kandianbao.com/520153511262/ | AQ79: 单件 | AR79: 51%(含)-70%(含) | AT79: 娃娃领 | AU79: 三粒扣 | AV79: 白色，藏青色 | AX79: S，M，L，XL，XXL | AY79: 花色 | AZ79: 中长裙 | BD79: 蝴蝶结，抽褶，纽扣，印花 | BE79: 1 | BF79: 大摆型 | BG79: 2015年夏季 | BI79: 飞飞袖 | BJ79: 木易家 | BK79: 甜美 | BL79: 森女 | BM79: 宽松腰 | BN79: 棉 | BP79: 18-24周岁 | BQ79: 短袖 | BR79: 很舒适(462) ; 质量不错(438) ; 板型很好(402) ; 料子不错(278) ; 穿着漂亮(241) ; 衣服很薄(64) ;
A80: 78 | B80: 第 2 页 第 30 位 | C80: 2015夏季新款韩版修身显瘦休闲无袖连衣裙女装两件套背带裙套装裙 | D80: GNDL0189 | E80: 108 | F80: 0.2361 | G80: 25.5 | H80: 25.5 | I80: 52142 | J80: 包邮 | K80: 5081 | L80: 0.0059 | M80: 6232 | N80: 0.0055 | O80: 158916 | P80: 0.0029 | Q80: 12878 | R80: - | S80: - | T80: 1 | U80: 3836 | Z80: 浙江杭州 | AA80: 古妮迪莎伦维专卖店 | AB80: 41768.709 | AC80: 4冠 | AD80: 4.6; 4.6; 4.7 | AE80: 38609 | AF80: 天猫 | AG80: 1 | AH80: 女装/女士精品 | AI80: 连衣裙 | AK80: 42246 | AL80: 0.5477662 | AM80: 6天18时59分1秒 | AN80: 日 | AO80: http://item.taobao.com/item.htm?id=45903964105 | AP80: http://item.kandianbao.com/45903964105/ | AQ80: 两件套 | AR80: 51%(含)-70%(含) | AT80: V领 | AU80: 套头 | AV80: 2304裙子+2292白色T恤 | AW80: 韩版 | AX80: M，L，XL，XXL | AY80: 纯色 | AZ80: 中长裙 | BA80: 背带 | BB80: 纯电商(只在线上销售) | BC80: 其他 | BD80: 蝴蝶结，荷叶边，铆钉，植绒，流苏，破洞，镂空，抽褶，肩章，亮丝，镶钻，露背，油漆喷溅，手工磨破，贴布，绣花，链条，褶皱，木耳，勾花镂空，口袋，系带，拼接，螺纹，扎花，立体装饰，不对称，绑带，扎染，钉珠，波浪，做旧，亮片，背带，纽扣，纱网，拉链，乱针修补，锈斑处理，树脂固色，蕾丝，燕尾，3D，印花 | BE80: GNDL0189 | BF80: 铅笔裙 | BG80: 2015年夏季 | BH80: 新型聚酯纤维65% 其他35% | BI80: 其他 | BJ80: 古妮迪 | BK80: 通勤 | BM80: 高腰 | BN80: 其他 | BP80: 18-24周岁 | BQ80: 无袖 | BR80: 衣服不错(768) ; 很舒服(591) ; 版型好看(315) ; 穿着美(304) ; 款式好(291) ; 质量不行(67) ;
A81: 79 | B81: 第 2 页 第 31 位 | C81: 包邮2015春夏新款妈妈装 中老年女装冰丝连衣裙 中年大码碎花裙子 | D81: 方块连衣裙 | E81: 68 | F81: 0.2737 | G81: 18.61 | H81: 18.61 | I81: 99700 | J81: 包邮 | K81: 5056 | L81: 0.0059 | M81: 9514 | N81: 0.0084 | O81: 177055.54 | P81: 0.0032 | Q81: 30774 | R81: 1428767 | S81: 0.0215 | T81: 552 | U81: 9531 | Y81: 7天无理由|蚂蚁花呗|信用卡支付|集分宝|如实描述 | Z81: 北京 | AA81: 控心丶sorrow | AB81: 41381.607 | AC81: 4冠 | AD81: 4.8; 4.8; 4.7 | AE81: 4988 | AF81: 淘宝 | AG81: 0.9838 | AH81: 女装/女士精品 | AI81: 连衣裙 | AK81: 42244 | AL81: 0.61163194 | AM81: 4天20时30分59秒 | AN81: 五 | AO81: http://item.taobao.com/item.htm?id=20272763953 | AP81: http://item.kandianbao.com/20272763953/ | AQ81: 单件 | AR81: 91%(含)-95%(含) | AT81: V领 | AV81: 12号色，白玫瑰，15号色，新2号色，16号色，水波纹，3号色，水仙花，8号色，11号色，9号色，7号色，20号色，19号色，10号色，26号色，25号色，23号色，27号色，22号色，1号色，21号色，17号色，18号色，乳白色，米白色，浅灰色，黑色，姜黄色 | AX81: 质量保证，七天无理由退换，L （85-95斤），XL（95-110斤），2XL（110-120斤），3XL（120-135斤），4XL（135-150斤），【默认申通汇通快递】，全网第一，价格最低 | AY81: 碎花 | AZ81: 中长裙 | BA81: 其他/other | BC81: 其他 | BD81: 印花 | BE81: 方块连衣裙 | BF81: 大摆型 | BG81: 2015年夏季 | BI81: 泡泡袖 | BK81: 通勤 | BQ81: 短袖 | BR81: 衣服不错(1125) ; 人群(827) ; 很舒服(706) ; 版型好(600) ; 穿着美(369) ; 不合身(183) ;
A82: 80 | B82: 第 2 页 第 32 位 | C82: 2015春夏新款韩版长裙连衣裙欧美莫代尔背心裙波西米亚长款连体裙 | E82: 38 | F82: 0.5 | G82: 19 | H82: 19 | I82: 125798 | J82: 包邮 | K82: 4995 | L82: 0.0058 | M82: 7123 | N82: 0.0063 | O82: 135337 | P82: 0.0025 | Q82: 72920 | R82: 215976 | S82: 0.3376 | T82: 21 | U82: 13823 | Y82: 卖家承诺24小时内发货|7天无理由|蚂蚁花呗|信用卡支付|集分宝|如实描述 | Z82: 江苏徐州 | AA82: 聚光帝 | AB82: 40551.103 | AC82: 4冠 | AD82: 4.7; 4.7; 4.7 | AE82: 16171 | AF82: 淘宝 | AG82: 0.9753 | AH82: 女装/女士精品 | AI82: 连衣裙 | AK82: 42245 | AL82: 0.94070602 | AM82: 6天4时24分51秒 | AN82: 六 | AO82: http://item.taobao.com/item.htm?id=18505173189 | AP82: http://item.kandianbao.com/18505173189/ | AQ82: 单件 | AR82: 51%(含)-70%(含) | AT82: 圆领 | AU82: 套头 | AV82: 香芋紫[125cm长裙]，黑白条纹[125cm长裙]，藏青条纹[125cm长裙]，黑色[125cm长裙]，深灰[125cm长裙]，浅灰[125cm长裙]，玫红[125cm长裙]，酒红[125cm长裙]，军绿[125cm长裙]，荧光绿[125cm长裙]，宝蓝[125cm长裙]，藏青[125cm长裙]，满3件纯色15.9/件，满3件条纹20/件，请选颜色下单，要哪个拍哪个哦，黑色 | AW82: 简约 | AX82: 均码建议90-140斤 | AY82: 纯色 | AZ82: 长裙 | BA82: 背带 | BC82: 织锦 | BF82: 大摆型 | BG82: 2015年夏季 | BI82: 其他 | BK82: 通勤 | BM82: 宽松腰 | BN82: 莫代尔 | BP82: 18-24周岁 | BQ82: 无袖 | BR82: 很舒服(2555) ; 整体不错(1534) ; 穿着美(554) ; 版型好看(527) ; 面料好(424) ; 有点薄(379) ;
A83: 81 | B83: 第 2 页 第 33 位 | C83: 夏人造棉印花碎花棉绸波西米亚沙滩裙度假裙长裙无袖背心裙连衣裙 | E83: 129 | F83: 0.1899 | G83: 24.5 | H83: 24.5 | I83: 7129 | J83: 包邮 | K83: 4987 | L83: 0.0058 | M83: 7002 | N83: 0.0062 | O83: 171549 | P83: 0.0031 | Q83: 16788 | R83: 40202 | S83: 0.4176 | T83: 3 | U83: 2285 | Y83: 7天无理由|蚂蚁花呗|信用卡支付|集分宝|如实描述 | Z83: 广东广州 | AA83: 夏衣唯美 | AB83: 41376.862 | AC83: 2冠 | AD83: 4.7; 4.7; 4.6 | AE83: 4575 | AF83: 淘宝 | AG83: 0.9811 | AH83: 女装/女士精品 | AI83: 连衣裙 | AK83: 42243 | AL83: 0.89959491 | AM83: 4天3时25分39秒 | AN83: 四 | AO83: http://item.taobao.com/item.htm?id=520079956508 | AP83: http://item.kandianbao.com/520079956508/ | AQ83: 单件 | AV83: 经典梦露，黑圆圈，蓝图腾，黑图腾，大唐舞妃，冰绿菱形，方块绿，橘底圆圈，红底圆圈，绿底圆圈，欧式竖纹，欧式红竖花，多彩呈祥，复古猫咪，竖条小红花，多彩腾花，几何圆圈拼接，多彩孔雀羽，米字旗 | AX83: 均码 80-125可穿，手机下单更优惠，多拍有优惠 | AY83: 花色 | AZ83: 长裙 | BA83: 背带 | BG83: 2015年夏季 | BK83: 通勤 | BQ83: 无袖 | BR83: 衣衣很舒服(120) ; 划算(88) ; 质量好(85) ; 板型很好(73) ; 穿上好看(39) ; 料子好(35) ;
A84: 82 | B84: 第 2 页 第 34 位 | C84: 夏季连衣裙2015新款韩版大码女装T恤裙宽松字母简约修身无袖长裙 | E84: 118 | F84: 0.1675 | G84: 19.76 | H84: 19.76 | I84: 26080 | J84: 包邮 | K84: 4964 | L84: 0.0058 | M84: 6224 | N84: 0.0055 | O84: 122986.24 | P84: 0.0022 | Q84: 16836 | R84: 19941 | S84: 0.8443 | T84: 6 | U84: 2419 | Y84: 卖家承诺48小时内发货|8天退货，退货邮费买家承担|蚂蚁花呗|集分宝|支付宝支付|如实描述 | Z84: 广东肇庆 | AA84: 辉茵阁02 | AB84: 42103.9 | AC84: 1冠 | AD84: 4.7; 4.7; 4.6 | AE84: 3950 | AF84: 淘宝 | AG84: 0.9395 | AH84: 女装/女士精品 | AI84: 连衣裙 | AK84: 42240 | AL84: 0.94097222 | AM84: 1天4时25分14秒 | AN84: 一 | AO84: http://item.taobao.com/item.htm?id=520233829503 | AP84: http://item.kandianbao.com/520233829503/ | AQ84: 单件 | AR84: 81%(含)-90%(含) | AT84: 圆领 | AU84: 套头 | AV84: 白色，黑色 | AW84: 韩版 | AX84: S，M，L，XL，2XL | AY84: 字母 | AZ84: 长裙 | BA84: 其他/other | BC84: 织锦 | BD84: 印花 | BF84: 其他 | BG84: 2015年夏季 | BI84: 常规 | BK84: 通勤 | BM84: 中腰 | BN84: 棉 | BP84: 18-24周岁 | BQ84: 无袖 | BR84: 整体不错(221) ; 衣服很舒服(100) ; 式样好(74) ; 穿着效果好(69) ; 尺码很好(57) ; 款式漂亮(50) ;
A85: 83 | B85: 第 2 页 第 35 位 | C85: 连衣裙夏季女2015新款棉绸沙滩裙无袖吊带裙夏波西米亚短裙度假裙 | D85: 8001 | E85: 58 | F85: 0.495 | G85: 28.71 | H85: 28.71 | I85: 8771 | J85: 包邮 | K85: 4949 | L85: 0.0058 | M85: 6437 | N85: 0.0057 | O85: 184806.27 | P85: 0.0033 | Q85: 21754 | R85: 60003 | S85: 0.3625 | T85: 8 | U85: 3448 | Y85: 卖家承诺48小时内发货|8天退货，退货邮费买家承担|蚂蚁花呗|信用卡支付|集分宝|如实描述 | Z85: 广东广州 | AA85: jiawdetaobao | AB85: 41328.727 | AC85: 2冠 | AD85: 4.8; 4.8; 4.7 | AE85: 9958 | AF85: 淘宝 | AG85: 0.9556 | AH85: 女装/女士精品 | AI85: 连衣裙 | AK85: 42243 | AL85: 0.94641204 | AM85: 4天4时33分4秒 | AN85: 四 | AO85: http://item.taobao.com/item.htm?id=44498365146 | AP85: http://item.kandianbao.com/44498365146/ | AQ85: 单件 | AR85: 51%(含)-70%(含) | AU85: 套头 | AV85: 蓝底炫花2号，气球碎花，蓝底炫花，蓝底樱桃花，单层红格，单层蓝格，黑底太阳花，单层抽象碎花，单层圆点，玫瑰小碎花，黑底樱桃花 | AW85: 复古 | AX85: M，L，XL，2XL | AY85: 花色 | AZ85: 短裙 | BA85: 吊带 | BC85: 绸缎 | BD85: 印花 | BE85: 8001 | BF85: 大摆型 | BG85: 2015年夏季 | BI85: 其他 | BJ85: 自主品牌 | BK85: 通勤 | BM85: 中腰 | BN85: 棉 | BP85: 18-24周岁 | BQ85: 无袖 | BR85: 很舒适(656) ; 质量不错(432) ; 外形好看(306) ; 料子不错(244) ; 穿着漂亮(188) ; 尺码不对(36) ;
A86: 84 | B86: 第 2 页 第 36 位 | C86: 夏装新款连衣裙森女日系刺绣收腰中长款裙子小清新棉麻短袖学生裙 | E86: 72 | F86: 0.5 | G86: 36 | H86: 36 | I86: 66722 | J86: 包邮 | K86: 4908 | L86: 0.0057 | M86: 6437 | N86: 0.0057 | O86: 231732 | P86: 0.0042 | Q86: 46600 | R86: 532697 | S86: 0.0875 | T86: 27 | U86: 6488 | W86: 1.单笔订单满88元减3元；免运费；减后满88元，送礼物，送3.00元优惠卷，亲，快下手吧！|2.单笔订单满128元减5元；免运费；减后满128元，送礼物，送5.00元优惠卷，亲，快下手吧！|3.单笔订单满388元减10元；免运费；减后满388元，送礼物，送10.00元优惠卷，亲，快下手吧！ | Y86: 7天无理由|蚂蚁花呗|信用卡支付|集分宝|如实描述 | Z86: 浙江杭州 | AA86: us时尚风阁 | AB86: 41717.015 | AC86: 3冠 | AD86: 4.7; 4.7; 4.5 | AE86: 11208 | AF86: 淘宝 | AG86: 0.9793 | AH86: 女装/女士精品 | AI86: 连衣裙 | AK86: 42239 | AL86: 0.875 | AM86: 0.11821759 | AN86: 日 | AO86: http://item.taobao.com/item.htm?id=45615417292 | AP86: http://item.kandianbao.com/45615417292/ | AQ86: 单件 | AR86: 81%(含)-90%(含) | AS86: A型 | AT86: 圆领 | AU86: 套头 | AV86: 口袋连衣裙，刺绣鱼，蓝白裙，绿条纹裙，民族刺绣，细条纹裙，蓝条纹裙，蕾丝领连衣裙，田园刺绣，两件套，蕾丝裙，露肩裙，大树裙，海锚裙，贴布树裙，小旗连衣裙，红条纹裙（棉），白木耳边，字母裙，薄牛仔裙，眼睛裙，棉麻露肩裙，碎花裙 | AX86: 均码（好质量），收藏送淘金币 | AY86: 条纹 | AZ86: 中长裙 | BD86: 贴布，绣花，口袋，拼接，纽扣，蕾丝，印花 | BF86: A字裙 | BG86: 2015年夏季 | BI86: 常规 | BK86: 甜美 | BL86: 森女 | BM86: 中腰 | BN86: 麻 | BP86: 18-24周岁 | BQ86: 短袖 | BR86: 宝贝很赞(955) ; 外形好看(905) ; 衣衣很舒服(481) ; 穿上好看(462) ; 料子好(318) ; 质量一般(70) ;
A87: 85 | B87: 第 2 页 第 37 位 | C87: 彩黛妃2015春夏装新款时尚韩版修身大码镂空拼接短袖连衣裙T0756 | D87: T0756 | E87: 128 | F87: 0.1547 | G87: 19.8 | H87: 19.8 | I87: 387139 | J87: 包邮 | K87: 4908 | L87: 0.0057 | M87: 6891 | N87: 0.0061 | O87: 136441.8 | P87: 0.0025 | Q87: 59732 | R87: - | S87: - | T87: 2205 | U87: 38147 | Z87: 江苏宿迁 | AA87: 彩黛妃旗舰店 | AB87: 41723.451 | AC87: 1金冠 | AD87: 4.6; 4.6; 4.8 | AE87: 308260 | AF87: 天猫 | AG87: 1 | AH87: 女装/女士精品 | AI87: 连衣裙 | AK87: 42245 | AL87: 0.47240741 | AM87: 5天17时10分30秒 | AN87: 六 | AO87: http://item.taobao.com/item.htm?id=39586932993 | AP87: http://item.kandianbao.com/39586932993/ | AQ87: 单件 | AR87: 95%以上 | AT87: 圆领 | AU87: 套头 | AV87: 黑白 | AW87: 韩版 | AX87: S，M，L，XL，XXL | AY87: 其他 | AZ87: 中长裙 | BA87: 其他/other | BC87: 其他 | BE87: T0756 | BF87: A字裙 | BG87: 2015年夏季 | BH87: 聚酯纤维94.8% 聚氨酯弹性纤维(氨纶)5.2% | BI87: 常规 | BJ87: 彩黛妃 | BK87: 通勤 | BM87: 高腰 | BN87: 涤纶 | BP87: 25-29周岁 | BQ87: 短袖 | BR87: 整体不错(3384) ; 穿着美(2697) ; 版型好看(2362) ; 衣服很合身(1427) ; 款式漂亮(798) ; 物流太慢(212) ;
A88: 86 | B88: 第 2 页 第 38 位 | C88: 2015夏季森女无袖背心连衣裙小清新甜美学生短裙子蕾丝花朵闺蜜装 | E88: 121 | F88: 0.1901 | G88: 23 | H88: 23 | I88: 33156 | J88: 包邮 | K88: 4900 | L88: 0.0057 | M88: 6434 | N88: 0.0057 | O88: 147982 | P88: 0.0027 | Q88: 28646 | R88: 39909 | S88: 0.7178 | T88: 3 | U88: 1195 | Y88: 7天无理由|集分宝|支付宝支付|如实描述 | Z88: 广东广州 | AA88: 茴香依依 | AB88: 42147.883 | AC88: 4钻 | AD88: 4.5; 4.5; 4.4 | AE88: 1988 | AF88: 淘宝 | AG88: 0.9672 | AH88: 女装/女士精品 | AI88: 连衣裙 | AK88: 42245 | AL88: 0.92672454 | AM88: 6天4时4分43秒 | AN88: 六 | AO88: http://item.taobao.com/item.htm?id=520436013104 | AP88: http://item.kandianbao.com/520436013104/ | AQ88: 单件 | AR88: 81%(含)-90%(含) | AT88: 圆领 | AU88: 套头 | AV88: 白色【优质面料】，蓝色【优质面料】，粉红【优质面料】，白色【普通面料】，蓝色【普通面料】，粉红【普通面料】 | AX88: S，M，L，XL，2XL | AY88: 纯色 | AZ88: 短裙 | BA88: 其他/other | BC88: 其他 | BD88: 蝴蝶结，拼接，纱网 | BF88: 公主裙 | BG88: 2015年夏季 | BK88: 甜美 | BL88: 公主 | BM88: 高腰 | BN88: 其他 | BQ88: 无袖 | BR88: 质量好(65) ; 板型很好(61) ; 服务不错(34) ; 物流快(32) ; 穿上好看(23) ; 没有色差(20) ;
A89: 87 | B89: 第 2 页 第 39 位 | C89: 2015夏秋季新品女装雪纺两件套套装裙气质性感修身包臀开叉连衣裙 | D89: A1689 | E89: 369 | F89: 0.187 | G89: 69 | H89: 69 | I89: 42052 | J89: 包邮 | K89: 4878 | L89: 0.0057 | M89: 7059 | N89: 0.0062 | O89: 487071 | P89: 0.0088 | Q89: 37910 | R89: 44020 | S89: 0.8612 | T89: 3 | U89: 751 | Y89: 7天无理由|蚂蚁花呗|信用卡支付|集分宝|如实描述 | Z89: 广东广州 | AA89: 艾薇妮露 | AB89: 41414.641 | AC89: 1冠 | AD89: 4.7; 4.7; 4.6 | AE89: 10944 | AF89: 淘宝 | AG89: 0.99 | AH89: 女装/女士精品 | AI89: 连衣裙 | AK89: 42242 | AL89: 0.84865741 | AM89: 3天2时12分18秒 | AN89: 三 | AO89: http://item.taobao.com/item.htm?id=520677973804 | AP89: http://item.kandianbao.com/520677973804/ | AQ89: 两件套 | AS89: A型 | AT89: 圆领 | AU89: 套头 | AV89: 上衣+半身裙套装，单件上衣，单件裙子 | AW89: 韩版 | AX89: S，M，L，XL，2XL | AY89: 纯色 | AZ89: 中长裙 | BA89: 其他/other | BC89: 雪纺 | BD89: 不对称 | BE89: A1689 | BF89: 一步裙 | BG89: 2015年夏季 | BI89: 常规 | BJ89: 艾薇妮露 | BK89: 通勤 | BM89: 高腰 | BQ89: 五分袖
A90: 88 | B90: 第 2 页 第 40 位 | C90: 两件套连衣裙夏季中裙韩版新款印花短袖雪纺套装修身蕾丝女装裙子 | E90: 88 | F90: 0.4659 | G90: 41 | H90: 41 | I90: 32340 | J90: 包邮 | K90: 4872 | L90: 0.0057 | M90: 6927 | N90: 0.0061 | O90: 284007 | P90: 0.0051 | Q90: 13404 | R90: 88323 | S90: 0.1518 | T90: 9 | U90: 753 | Y90: 卖家承诺24小时内发货|15天退货，退货邮费买家承担|蚂蚁花呗|信用卡支付|集分宝|如实描述 | Z90: 广东广州 | AA90: 完美_衣恋 | AB90: 41420.884 | AC90: 2冠 | AD90: 4.7; 4.7; 4.7 | AE90: 4809 | AF90: 淘宝 | AG90: 0.9893 | AH90: 女装/女士精品 | AI90: 连衣裙 | AK90: 42241 | AL90: 0.87847222 | AM90: 2天2时55分14秒 | AN90: 二 | AO90: http://item.taobao.com/item.htm?id=520501401676 | AP90: http://item.kandianbao.com/520501401676/ | AQ90: 两件套 | AR90: 81%(含)-90%(含) | AS90: H型 | AT90: 圆领 | AU90: 拉链 | AV90: 单件上衣，单件裙子，(上衣+裙子)，提示：马上涨价 | AW90: 韩版 | AX90: S，M，L，XL，2XL | AY90: 纯色 | AZ90: 短裙 | BC90: 雪纺 | BD90: 绣花，拼接，蕾丝，印花 | BF90: 一步裙 | BG90: 2015年夏季 | BI90: 常规 | BK90: 通勤 | BM90: 高腰 | BN90: 涤纶 | BQ90: 短袖 | BR90: 外形好看(28) ; 宝贝很赞(20) ; 码数很准(16) ; 衣衣很舒服(16) ; 服务不错(13) ; 便宜(12) ;
A91: 89 | B91: 第 2 页 第 41 位 | C91: 毛菇小象 牛仔背带连衣裙2015夏女吊带背心裙子修身显瘦秋装中裙 | D91: G1146 | E91: 196 | F91: 0.5 | G91: 98 | H91: 98 | I91: 35638 | J91: 5 | K91: 4850 | L91: 0.0057 | M91: 6063 | N91: 0.0053 | O91: 594174 | P91: 0.0108 | Q91: 61312 | R91: 107428 | S91: 0.5707 | T91: 112 | U91: 2437 | W91: 1.单笔订单满168元免运费(不包邮地区：内蒙古;甘肃;青海;宁夏;新疆;西藏;台湾;香港;澳门;海外)，上不封顶！亲，快下手吧！ | Y91: 卖家承诺15天内发货|7天无理由|蚂蚁花呗|信用卡支付|集分宝|如实描述 | Z91: 浙江杭州 | AA91: 毛菇小象 | AB91: 40539.464 | AC91: 4金冠 | AD91: 4.7; 4.8; 4.7 | AE91: 5888612 | AF91: 淘宝 | AG91: 0.9913 | AH91: 女装/女士精品 | AI91: 连衣裙 | AK91: 42240 | AL91: 0.92293981 | AM91: 1天3时59分16秒 | AN91: 一 | AO91: http://item.taobao.com/item.htm?id=45376149752 | AP91: http://item.kandianbao.com/45376149752/ | AQ91: 单件 | AR91: 51%(含)-70%(含) | AS91: H型 | AV91: 蓝色 | AX91: XS，S，M，L，XL | AY91: 纯色 | AZ91: 中裙 | BA91: 背带 | BC91: 其他 | BD91: 口袋，纽扣 | BE91: G1146 | BF91: 一步裙 | BG91: 2015年夏季 | BJ91: SMALL LIKE/毛菇小象 | BK91: 街头 | BO91: 欧美 | BQ91: 无袖 | BR91: 质量好(83) ; 式样好(30) ; 穿上好看(22) ; 衣衣很舒服(19) ; 料子好(17) ; 码数不合(18) ;
A92: 90 | B92: 第 2 页 第 42 位 | C92: jto 夏装新款韩版欧根纱连衣裙短袖波点两件套高腰蓬蓬裙女071425 | E92: 110 | F92: 0.8 | G92: 88 | H92: 88 | I92: 1609 | J92: 包邮 | K92: 4772 | L92: 0.0056 | M92: 4984 | N92: 0.0044 | O92: 438592 | P92: 0.0079 | Q92: 62594 | R92: 78023 | S92: 0.8023 | T92: 0 | U92: 1316 | W92: 1.单笔订单满199元免运费(不包邮地区：内蒙古;黑龙江;甘肃;青海;新疆;西藏;台湾;香港;澳门;海外)，亲，快下手吧！ | Y92: 卖家承诺10天内发货|7天无理由|蚂蚁花呗|信用卡支付|集分宝|如实描述 | Z92: 浙江杭州 | AA92: zjforeverxxxx | AB92: 39643.925 | AC92: 2金冠 | AD92: 4.6; 4.7; 4.7 | AE92: 1458842 | AF92: 淘宝 | AG92: 0.9882 | AH92: 女装/女士精品 | AI92: 连衣裙 | AK92: 42239 | AL92: 0.90789352 | AM92: 0.15111111 | AN92: 日 | AO92: http://item.taobao.com/item.htm?id=520610422686 | AP92: http://item.kandianbao.com/520610422686/ | AQ92: 单件 | AR92: 31%(含)-50%(含) | AT92: 圆领 | AU92: 套头 | AV92: 白色，黑色 | AW92: 韩版 | AX92: M，L | AY92: 圆点 | AZ92: 短裙 | BA92: 其他/other | BC92: 欧根纱 | BD92: 纱网 | BF92: 公主裙 | BG92: 2015年夏季 | BI92: 常规 | BK92: 通勤 | BM92: 高腰 | BP92: 25-29周岁 | BQ92: 短袖 | BR92: 外形好看(22) ; 质量不错(12) ; 穿着漂亮(11) ; 服务好(9) ; 很舒适(7) ; 不舒适(4) ;
A93: 91 | B93: 第 2 页 第 43 位 | C93: 欧洲站2015夏季新款字母印花连帽修身海军风卫衣连衣裙大码女中裙 | D93: 335 | E93: 388 | F93: 0.3325 | G93: 129 | H93: 129 | I93: 40139 | J93: 包邮 | K93: 4757 | L93: 0.0056 | M93: 5004 | N93: 0.0044 | O93: 645516 | P93: 0.0117 | Q93: 6758 | R93: 14854 | S93: 0.455 | T93: 0 | U93: 1909 | Y93: 卖家承诺72小时内发货|7天无理由|蚂蚁花呗|信用卡支付|集分宝|如实描述 | Z93: 广东深圳 | AA93: 粉黛尔女装829 | AB93: 41208.838 | AC93: 3冠 | AD93: 4.7; 4.7; 4.7 | AE93: 38588 | AF93: 淘宝 | AG93: 0.993 | AH93: 女装/女士精品 | AI93: 连衣裙 | AK93: 42241 | AL93: 0.42684028 | AM93: 1天16时4分53秒 | AN93: 二 | AO93: http://item.taobao.com/item.htm?id=44953419115 | AP93: http://item.kandianbao.com/44953419115/ | AQ93: 单件 | AR93: 91%(含)-95%(含) | AT93: 连帽 | AU93: 套头 | AV93: 海军蓝【短袖】，灰色【短袖】，灰色【秋长袖】，海军蓝【秋长袖】 | AX93: S，M，L，XL，2XL，3XL | AY93: 其他 | AZ93: 中裙 | BA93: 其他/other | BC93: 织锦 | BD93: 树脂固色，印花 | BE93: 335 | BF93: A字裙 | BG93: 2015年夏季 | BI93: 其他 | BK93: 街头 | BM93: 宽松腰 | BN93: 棉 | BO93: 欧美 | BQ93: 短袖 | BR93: 衣服不错(96) ; 衣服很舒服(59) ; 穿着效果好(54) ; 布料好(28) ; 尺码很好(27) ; 尺寸有偏差(11) ;
A94: 92 | B94: 第 2 页 第 44 位 | C94: 2015夏季新款韩版女装连衣裙显瘦吊带裙无袖宽松破洞牛仔背带裙潮 | E94: 163 | F94: 0.319 | G94: 52 | H94: 52 | I94: 9678 | J94: 包邮 | K94: 4733 | L94: 0.0055 | M94: 5855 | N94: 0.0052 | O94: 304460 | P94: 0.0055 | Q94: 22470 | R94: 55797 | S94: 0.4027 | T94: 6 | U94: 3080 | Y94: 10天退货，退货邮费买家承担|蚂蚁花呗|信用卡支付|集分宝|如实描述 | Z94: 广东广州 | AA94: miley006 | AB94: 41940.656 | AC94: 1冠 | AD94: 4.8; 4.8; 4.8 | AE94: 3258 | AF94: 淘宝 | AG94: 0.9814 | AH94: 女装/女士精品 | AI94: 连衣裙 | AK94: 42244 | AL94: 0.83761574 | AM94: 5天1时56分24秒 | AN94: 五 | AO94: http://item.taobao.com/item.htm?id=45636774070 | AP94: http://item.kandianbao.com/45636774070/ | AQ94: 单件 | AR94: 81%(含)-90%(含) | AS94: A型 | AT94: 其他 | AU94: 套头 | AV94: 白色（背带），黑色（背带），白色背带+黑背心，黑色背带+白背心，白色背带+白背心，黑色背带+黑背心 | AW94: 韩版 | AX94: S，M，L，XL | AY94: 字母 | AZ94: 短裙 | BA94: 背带 | BC94: 牛仔布 | BD94: 流苏，破洞，露背，手工磨破，口袋，背带，印花 | BF94: A字裙 | BG94: 2015年夏季 | BI94: 其他 | BK94: 通勤 | BM94: 高腰 | BN94: 棉 | BP94: 25-29周岁 | BQ94: 无袖 | BR94: 宝贝很赞(413) ; 版型好看(246) ; 穿着漂亮(171) ; 很舒适(143) ; 衣服很合身(107) ; 很薄(53) ;
A95: 93 | B95: 第 3 页 第 1 位 | C95: 2015夏装新款中老年女装印花连衣裙夏季大码修身中年妈妈装碎花裙 | D95: 1510 | E95: 99 | F95: 0.159 | G95: 15.74 | H95: 15.74 | I95: 61662 | J95: 包邮 | K95: 4723 | L95: 0.0055 | M95: 11465 | N95: 0.0101 | O95: 180459.1 | P95: 0.0033 | Q95: 11028 | R95: 173751 | S95: 0.0635 | T95: 139 | U95: 15034 | Y95: 卖家承诺72小时内发货|7天无理由|蚂蚁花呗|信用卡支付|集分宝|如实描述 | Z95: 北京 | AA95: a328643702 | AB95: 40447.78 | AC95: 5冠 | AD95: 4.7; 4.7; 4.7 | AE95: 31510 | AF95: 淘宝 | AG95: 0.9849 | AH95: 女装/女士精品 | AI95: 连衣裙 | AK95: 42243 | AL95: 0.90984954 | AM95: 4天3时40分25秒 | AN95: 四 | AO95: http://item.taobao.com/item.htm?id=44018481952 | AP95: http://item.kandianbao.com/44018481952/ | AQ95: 单件 | AR95: 95%以上 | AT95: V领 | AU95: 套头 | AV95: 15号色，12号色，11号色，9号色，5号色，3号色，2号色，13号色，16号色 | AW95: 韩版 | AX95: 【套餐更多优惠】，L，XL，2XL，3XL，4XL | AY95: 碎花 | AZ95: 中长裙 | BA95: 其他/other | BC95: 其他 | BD95: 褶皱，印花 | BE95: 1510 | BF95: 大摆型 | BG95: 2015年夏季 | BI95: 公主袖 | BK95: 通勤 | BM95: 中腰 | BN95: 涤纶 | BP95: 30-34周岁 | BQ95: 短袖 | BR95: 宝贝很赞(1997) ; 人群(1746) ; 衣衣很舒服(1397) ; 外形好看(1038) ; 穿上好看(747) ; 码数不合(128) ;
A96: 94 | B96: 第 3 页 第 2 位 | C96: 夏季连衣裙2015春夏新款韩版女式短袖T恤裙大码女装字母宽松长裙 | E96: 91 | F96: 0.1758 | G96: 16 | H96: 16 | I96: 1087556 | J96: 包邮 | K96: 4707 | L96: 0.0055 | M96: 5761 | N96: 0.0051 | O96: 92176 | P96: 0.0017 | Q96: 56436 | R96: 90233 | S96: 0.6254 | T96: 19 | U96: 13395 | Y96: 7天无理由|蚂蚁花呗|信用卡支付|集分宝|如实描述 | Z96: 广东广州 | AA96: 韩衣馆shop | AB96: 41571.557 | AC96: 3冠 | AD96: 4.7; 4.7; 4.7 | AE96: 10680 | AF96: 淘宝 | AG96: 0.9749 | AH96: 女装/女士精品 | AI96: 连衣裙 | AK96: 42246 | AL96: 0.6712963 | AM96: 6天21时56分54秒 | AN96: 日 | AO96: http://item.taobao.com/item.htm?id=45393481059 | AP96: http://item.kandianbao.com/45393481059/ | AQ96: 单件 | AR96: 81%(含)-90%(含) | AT96: 圆领 | AU96: 套头 | AV96: 黑色（优质正品），白色（优质正品），黑色（普通起球） | AW96: 韩版 | AX96: S（不起球），M（质量超好），L（厂家直供），XL（全国包邮），XXL（数量有限），3XL(好质量)，4XL(限量抢购)，质量问题包退，优质质量超好，收藏送礼物，100%不起球不掉色 | AY96: 纯色 | AZ96: 中长裙 | BA96: 其他/other | BC96: 织锦 | BD96: 印花 | BF96: A字裙 | BG96: 2015年夏季 | BI96: 常规 | BK96: 通勤 | BM96: 中腰 | BN96: 棉 | BP96: 18-24周岁 | BQ96: 短袖 | BR96: 整体不错(2505) ; 衣服很舒服(2151) ; 穿着效果好(1468) ; 式样好(1035) ; 布料好(726) ; 颜色一般(259) ;
A97: 95 | B97: 第 3 页 第 3 位 | C97: 2015夏装新款女装镂空欧根纱蓬蓬裙 印花碎花两件套连衣裙套装女 | E97: 118 | F97: 0.322 | G97: 38 | H97: 38 | I97: 3823 | J97: 包邮 | K97: 4706 | L97: 0.0055 | M97: 5520 | N97: 0.0049 | O97: 209760 | P97: 0.0038 | Q97: 24248 | R97: 120085 | S97: 0.2019 | T97: 21 | U97: 1844 | Y97: 卖家承诺72小时内发货|8天退货，退货邮费买家承担|蚂蚁花呗|信用卡支付|集分宝|如实描述 | Z97: 广东广州 | AA97: wanwalkerman | AB97: 41112.482 | AC97: 5冠 | AD97: 4.7; 4.7; 4.6 | AE97: 139674 | AF97: 淘宝 | AG97: 0.9849 | AH97: 女装/女士精品 | AI97: 连衣裙 | AK97: 42245 | AL97: 0.68917824 | AM97: 5天22时22分39秒 | AN97: 六 | AO97: http://item.taobao.com/item.htm?id=520318339796 | AP97: http://item.kandianbao.com/520318339796/ | AQ97: 其他 | AS97: A型 | AT97: 其他 | AU97: 其他 | AV97: 蓝色(一套)，单件上衣，单半身裙 | AW97: 复古 | AX97: S，M，L，XL | AY97: 其他 | AZ97: 短裙 | BA97: 其他/other | BC97: 其他 | BD97: 绣花，拼接，3D，印花 | BF97: A字裙 | BG97: 2015年夏季 | BI97: 其他 | BJ97: 无 | BK97: 通勤 | BM97: 高腰 | BN97: 其他 | BQ97: 短袖 | BR97: 质量好(51) ; 式样好(47) ; 穿上好看(34) ; 衣衣很舒服(26) ; 款式蛮好(26) ; 尺码很好(25) ;
A98: 96 | B98: 第 3 页 第 4 位 | C98: 毛菇小象 修身休闲连衣裙 2015夏季新款短袖中裙秋装大码女装裙子 | D98: Q3827 | E98: 138 | F98: 0.5 | G98: 69 | H98: 69 | I98: 26139 | J98: 5 | K98: 4680 | L98: 0.0055 | M98: 12524 | N98: 0.011 | O98: 864156 | P98: 0.0156 | Q98: 105020 | R98: 145604 | S98: 0.7213 | T98: 68 | U98: 143 | W98: 1.单笔订单满168元免运费(不包邮地区：内蒙古;甘肃;青海;宁夏;新疆;西藏;台湾;香港;澳门;海外)，上不封顶！亲，快下手吧！ | Y98: 卖家承诺15天内发货|7天无理由|蚂蚁花呗|信用卡支付|集分宝|如实描述 | Z98: 浙江杭州 | AA98: 毛菇小象 | AB98: 40539.464 | AC98: 4金冠 | AD98: 4.7; 4.8; 4.7 | AE98: 5888612 | AF98: 淘宝 | AG98: 0.9913 | AH98: 女装/女士精品 | AI98: 连衣裙 | AK98: 42242 | AL98: 0.45351852 | AM98: 2天16时43分18秒 | AN98: 三 | AO98: http://item.taobao.com/item.htm?id=45702805708 | AP98: http://item.kandianbao.com/45702805708/ | AQ98: 单件 | AR98: 51%(含)-70%(含) | AT98: 圆领 | AU98: 套头 | AV98: 黑色 | AX98: S，M，L，XL | AY98: 人物 | AZ98: 中长裙 | BD98: 印花 | BE98: Q3827 | BF98: 一步裙 | BG98: 2015年秋季 | BI98: 常规 | BJ98: SMALL LIKE/毛菇小象 | BK98: 街头 | BM98: 宽松腰 | BO98: 欧美 | BQ98: 短袖
A99: 97 | B99: 第 3 页 第 5 位 | C99: 正品2015新款时尚夏季棉麻连衣裙两件套亚麻长裙气质修身女装裙子 | E99: 488 | F99: 0.1319 | G99: 64.35 | H99: 64.35 | I99: 8647 | J99: 包邮 | K99: 4639 | L99: 0.0054 | M99: 6659 | N99: 0.0059 | O99: 428506.65 | P99: 0.0078 | Q99: 7576 | R99: 57286 | S99: 0.1322 | T99: 6 | U99: 552 | Y99: 7天无理由|蚂蚁花呗|信用卡支付|集分宝|如实描述 | Z99: 广东广州 | AA99: 美茹衣橱 | AB99: 41869.395 | AC99: 5钻 | AD99: 4.7; 4.7; 4.6 | AE99: 2025 | AF99: 淘宝 | AG99: 0.9828 | AH99: 女装/女士精品 | AI99: 连衣裙 | AK99: 42242 | AL99: 0.7522338 | AM99: 2天23时53分27秒 | AN99: 三 | AO99: http://item.taobao.com/item.htm?id=520817830644 | AP99: http://item.kandianbao.com/520817830644/ | AQ99: 两件套 | AR99: 51%(含)-70%(含) | AS99: A型 | AT99: 圆领 | AU99: 套头 | AV99: 灰色，粉红色，绿色 | AW99: 复古 | AX99: S，M，L，XL，2XL | AY99: 纯色 | AZ99: 长裙 | BA99: 其他/other | BC99: 其他 | BD99: 蝴蝶结，荷叶边，不对称，纽扣 | BF99: 大摆型 | BG99: 2015年夏季 | BI99: 常规 | BK99: 通勤 | BM99: 宽松腰 | BN99: 麻 | BP99: 25-29周岁 | BQ99: 五分袖 | BR99: 质量不错(49) ; 衣衣很舒服(31) ; 物流快(23) ; 款式很好(16) ; 版型好看(15) ; 穿上好看(13) ;
A100: 98 | B100: 第 3 页 第 6 位 | C100: 韩国2015夏季女装新款气质修身显瘦棉麻连衣裙长款不规则一步裙夏 | D100: zsf0348 | E100: 368 | F100: 0.4428 | G100: 162.96 | H100: 162.96 | I100: 11688 | J100: 包邮 | K100: 4615 | L100: 0.0054 | M100: 4840 | N100: 0.0043 | O100: 788726.4 | P100: 0.0143 | Q100: 73412 | R100: 339045 | S100: 0.2165 | T100: 5 | U100: 1538 | Y100: 7天无理由|信用卡支付|集分宝|支付宝支付|如实描述 | Z100: 浙江杭州 | AA100: zsf私人定制 | AB100: 42186.736 | AC100: 4钻 | AD100: 4.6; 4.7; 4.6 | AE100: 7838 | AF100: 淘宝 | AG100: 0.9767 | AH100: 女装/女士精品 | AI100: 连衣裙 | AK100: 42243 | AL100: 0.93871528 | AM100: 4天4时21分59秒 | AN100: 四 | AO100: http://item.taobao.com/item.htm?id=520460332917 | AP100: http://item.kandianbao.com/520460332917/ | AQ100: 单件 | AR100: 71%(含)-80%(含) | AS100: A型 | AT100: 圆领 | AU100: 套头 | AV100: 姜黄色 | AW100: 韩版 | AX100: 现货，S，M，L，XL，2XL | AY100: 纯色 | AZ100: 长裙 | BA100: 其他/other | BC100: 其他 | BD100: 口袋，纽扣 | BE100: zsf0348 | BF100: 一步裙 | BG100: 2015年夏季 | BI100: 常规 | BK100: 通勤 | BM100: 松紧腰 | BN100: 麻 | BQ100: 短袖 | BR100: 整体不错(20) ; 很舒服(18) ; 板型很好(13) ; 穿着美(11) ; 态度不错(8) ; 款式漂亮(7) ;
...

Sheet Sheet3
B2: 单元格 | C2: BD列（地区） | E2: =源数据!U132 -> 杭州的商品 | F2: =源数据!V132 -> 39
B3: BD1 | C3: 浙江杭州 | E3: =源数据!U133 -> 短裙数量 | F3: =源数据!V133 -> 47
B4: BD2 | C4: 广东广州 | E4: =源数据!U134 -> 广州的短裙数量 | F4: =源数据!V134 -> 29
B5: BD3 | C5: 广东东莞 | E5: =源数据!U135 -> 通勤风数量 | F5: =源数据!V135 -> 94
B6: BD4 | C6: 广东中山 | E6: =源数据!U138 -> 杭州的30天总销售额 | F6: =源数据!V138 -> 28947488
B7: BD5 | C7: 江苏宿迁 | E7: =源数据!U139 -> 广州短裙的30天总销售额 | F7: =源数据!V139 -> 8743432.1
B8: BD6 | C8: 北京 | E8: =源数据!U140 -> 店铺信誉是"5冠"的30天总销量 | F8: =源数据!V140 -> 71321
B9: BD7 | C9: 山东青岛 | E9: =源数据!U141 -> 风格是"甜美"的总收藏量 | F9: =源数据!V141 -> 1797767
B10: BD8 | C10: 江苏苏州 | E10: =源数据!U142 -> 长裙的平均销售价 | F10: =源数据!V142 -> 52.444583
B11: BD9 | C11: 广东深圳
B12: BD10 | C12: 广东揭阳
B13: BD11 | C13: 江苏徐州
B16: BD列（信誉） | C16: BE列（等级描述） | F16: =源数据!AJ130 -> 头部卖家-顶
B17: 3钻 | C17: 老店-中等 | F17: =源数据!AJ131 -> #N/A
B18: 4钻 | C18: 老店-中上 | F18: =源数据!AJ132 -> #N/A
B19: 5钻 | C19: 老店-较高 | F19: =源数据!AJ133 -> #N/A
B20: 1冠 | C20: 成熟店-入门 | F20: =源数据!AJ134 -> #N/A
B21: 2冠 | C21: 成熟店-标准 | F21: =源数据!AJ135 -> #N/A
B22: 3冠 | C22: 成熟店-较强 | F22: =源数据!AJ136 -> 头部卖家-高
B23: 4冠 | C23: 成熟店-头部 | F23: =源数据!AJ137 -> 头部卖家-高
B24: 5冠 | C24: 成熟店-顶级 | F24: =源数据!AJ138 -> 成熟店-较强
B25: 1金冠 | C25: 头部卖家-初 | F25: =源数据!AJ139 -> 头部卖家-顶
B26: 2金冠 | C26: 头部卖家-中 | F26: =源数据!AJ140 -> #N/A
B27: 3金冠 | C27: 头部卖家-高 | F27: =源数据!AJ141 -> 头部卖家-高
B28: 4金冠 | C28: 头部卖家-顶 | F28: =源数据!AJ142 -> #N/A
F29: =源数据!AJ143 -> 头部卖家-高
F30: =源数据!AJ144 -> #N/A
F31: =源数据!AJ145 -> #N/A
F32: =源数据!AJ146 -> 成熟店-较强
F33: =源数据!AJ147 -> 成熟店-较强
F34: =源数据!AJ148 -> 成熟店-较强

Sheet 处理后的数据
A1: 序号 | B1: 排名位置 | C1: 宝贝名称：看店宝【kandianbao.com】 | D1: 货号 | E1: 原价 | F1: 折扣率 | G1: 销售价 | H1: 手机价 | I1: 库存 | J1: 邮费 | K1: 30天收货 | L1: 收货占比 | M1: 30天销量 | N1: 销量占比 | O1: 30天销售额 | P1: 销售额占比 | Q1: 总收藏量 | R1: PC总浏览量 | S1: 收藏比 | T1: 总分享数 | U1: 总评价数 | V1: 宝贝促销 | W1: 店铺促销 | X1: 活动促销 | Y1: 服务保证 | Z1: 所在地 | AA1: 店铺掌柜 | AB1: 开店日期 | AC1: 店铺信誉 | AD1: 店铺dsr | AE1: 店铺收藏 | AF1: 店铺类型 | AG1: 好评率 | AH1: 一级类目 | AI1: 二级类目 | AJ1: 三级类目 | AK1: 下架日期 | AL1: 下架时间 | AM1: 天数 | AN1: 星期 | AO1: 小时 | AP1: 宝贝地址
A2: 1 | B2: 第 1 页 第 1 位 | C2: 2015夏季新款韩版通勤女装圆领短袖气质修身ol连衣裙女中裙淑女裙 | E2: 468 | F2: 0.3342 | G2: 156.42 | H2: 156.42 | I2: 8011 | J2: 包邮 | K2: 21808 | L2: 0.0255 | M2: 30590 | N2: 0.027 | O2: 4784887.8 | P2: 0.0866 | Q2: 173404 | R2: 649367 | S2: 0.267 | T2: 21 | U2: 3096 | Y2: 8天退货，退货邮费买家承担|蚂蚁花呗|信用卡支付|集分宝|如实描述 | Z2: 浙江杭州 | AA2: 悠然1149 | AB2: 41953.842 | AC2: 2冠 | AD2: 4.8; 4.8; 4.8 | AE2: 36209 | AF2: 淘宝 | AG2: 0.9846 | AH2: 女装/女士精品 | AI2: 连衣裙 | AK2: 42240 | AL2: 0.92013889 | AM2: 1天3时55分15秒 | AN2: 一 | AO2: =HOUR(AL2) -> 22 | AP2: http://item.taobao.com/item.htm?id=520635131814
A3: 2 | B3: 第 1 页 第 2 位 | C3: 夏季连衣裙大码女装背心裙中长款包臀长裙内搭打底衫OL修身吊带裙 | D3: 6013- | E3: 104 | F3: 0.1827 | G3: 19 | H3: 19 | I3: 65359 | J3: 包邮 | K3: 21031 | L3: 0.0246 | M3: 35057 | N3: 0.0309 | O3: 666083 | P3: 0.0121 | Q3: 48530 | R3: 60393 | S3: 0.8036 | T3: 9 | U3: 3435 | Y3: 7天无理由|蚂蚁花呗|信用卡支付|集分宝|如实描述 | Z3: 广东东莞 | AA3: 物美价廉yy8 | AB3: 41705.55 | AC3: 1冠 | AD3: 4.6; 4.6; 4.5 | AE3: 2754 | AF3: 淘宝 | AG3: 0.9817 | AH3: 女装/女士精品 | AI3: 连衣裙 | AK3: 42244 | AL3: 0.63888889 | AM3: 4天21时10分15秒 | AN3: 五 | AO3: =HOUR(AL3) -> 15 | AP3: http://item.taobao.com/item.htm?id=45418797934
A4: 3 | B4: 第 1 页 第 3 位 | C4: 2015夏天新款显瘦牛仔背带裙连衣裙女装夏季潮学生牛仔背心短裙子 | E4: 192 | F4: 0.1198 | G4: 23 | H4: 23 | I4: 945466 | J4: 包邮 | K4: 20824 | L4: 0.0243 | M4: 25429 | N4: 0.0224 | O4: 584867 | P4: 0.0106 | Q4: 85198 | R4: 199658 | S4: 0.4267 | T4: 19 | U4: 15799 | Y4: 卖家承诺72小时内发货|8天退货，退货邮费买家承担|蚂蚁花呗|信用卡支付|集分宝|如实描述 | Z4: 广东中山 | AA4: 韩国专柜女装 | AB4: 41681.994 | AC4: 2冠 | AD4: 4.6; 4.6; 4.5 | AE4: 4594 | AF4: 淘宝 | AG4: 0.9637 | AH4: 女装/女士精品 | AI4: 连衣裙 | AK4: 42242 | AL4: 0.90228009 | AM4: 3天3时29分32秒 | AN4: 三 | AO4: =HOUR(AL4) -> 21 | AP4: http://item.taobao.com/item.htm?id=45428232575
A5: 4 | B5: 第 1 页 第 4 位 | C5: 彩黛妃2015新款春夏季大码女装性感修身短袖镂空衣领连衣裙韩版潮 | D5: C0070 | E5: 128 | F5: 0.1547 | G5: 19.8 | H5: 19.8 | I5: 733657 | J5: 包邮 | K5: 17668 | L5: 0.0206 | M5: 22725 | N5: 0.02 | O5: 449955 | P5: 0.0081 | Q5: 105162 | R5: - | S5: - | T5: 179 | U5: 38269 | Z5: 江苏宿迁 | AA5: 彩黛妃旗舰店 | AB5: 41723.451 | AC5: 1金冠 | AD5: 4.6; 4.6; 4.8 | AE5: 308260 | AF5: 天猫 | AG5: 1 | AH5: 女装/女士精品 | AI5: 连衣裙 | AK5: 42245 | AL5: 0.42803241 | AM5: 5天16时6分37秒 | AN5: 六 | AO5: =HOUR(AL5) -> 10 | AP5: http://item.taobao.com/item.htm?id=43944007169
A6: 5 | B6: 第 1 页 第 5 位 | C6: 凤凤服饰2015夏装新款连衣裙夏裙纯色韩版宽松无袖显瘦遮住小肚腩 | D6: 99 | E6: 299 | F6: 0.099 | G6: 29.6 | H6: 29.6 | I6: 20259 | J6: 包邮 | K6: 17586 | L6: 0.0205 | M6: 18265 | N6: 0.0161 | O6: 540644 | P6: 0.0098 | Q6: 26748 | R6: 87202 | S6: 0.3067 | T6: 2 | U6: 6214 | Y6: 7天无理由|蚂蚁花呗|信用卡支付|集分宝|如实描述 | Z6: 广东广州 | AA6: ff2012888 | AB6: 40990.534 | AC6: 2冠 | AD6: 4.0; 4.1; 4.0 | AE6: 3680 | AF6: 淘宝 | AG6: 0.8931 | AH6: 女装/女士精品 | AI6: 连衣裙 | AK6: 42243 | AL6: 0.96678241 | AM6: 4天5时2分25秒 | AN6: 四 | AO6: =HOUR(AL6) -> 23 | AP6: http://item.taobao.com/item.htm?id=520565996333
A7: 6 | B7: 第 1 页 第 6 位 | C7: 2015夏装新款中老年女装印花连衣裙夏季大码修身中年妈妈装碎花裙 | D7: 136 | E7: 88 | F7: 0.1789 | G7: 15.74 | H7: 15.74 | I7: 5830 | J7: 包邮 | K7: 16114 | L7: 0.0188 | M7: 31284 | N7: 0.0276 | O7: 492410.16 | P7: 0.0089 | Q7: 35684 | R7: 763048 | S7: 0.0468 | T7: 277 | U7: 25728 | Y7: 卖家承诺72小时内发货|7天无理由|蚂蚁花呗|信用卡支付|集分宝|如实描述 | Z7: 北京 | AA7: 酷奇宝贝stb | AB7: 40423.859 | AC7: 4冠 | AD7: 4.7; 4.7; 4.7 | AE7: 13776 | AF7: 淘宝 | AG7: 0.9734 | AH7: 女装/女士精品 | AI7: 连衣裙 | AK7: 42239 | AL7: 0.9153588 | AM7: 0.15858796 | AN7: 日 | AO7: =HOUR(AL7) -> 21 | AP7: http://item.taobao.com/item.htm?id=24393792120
A8: 7 | B8: 第 1 页 第 7 位 | C8: 韩国2015春夏季新款女装高腰两件套连衣裙 夏装蓬蓬a字裙短袖套装 | E8: 109 | F8: 0.2661 | G8: 29 | H8: 29 | I8: 1470592 | J8: 包邮 | K8: 14988 | L8: 0.0175 | M8: 25069 | N8: 0.0221 | O8: 727001 | P8: 0.0132 | Q8: 62724 | R8: 55138 | S8: 1.1376 | T8: 2 | U8: 770 | Y8: 卖家承诺20小时内发货|7天无理由|集分宝|支付宝支付|如实描述 | Z8: 广东广州 | AA8: 人生朱1448200051 | AB8: 42183.855 | AC8: 3钻 | AD8: 4.4; 4.4; 4.2 | AE8: 8594 | AF8: 淘宝 | AG8: 0.9627 | AH8: 女装/女士精品 | AI8: 连衣裙 | AK8: 42239 | AL8: 0.88596065 | AM8: 0.12918981 | AN8: 日 | AO8: =HOUR(AL8) -> 21 | AP8: http://item.taobao.com/item.htm?id=520347387757
A9: 8 | B9: 第 1 页 第 8 位 | C9: 2015夏季新品女装 韩版可爱卡通米奇印花开叉中长款短袖T恤连衣裙 | E9: 89 | F9: 0.2022 | G9: 18 | H9: 18 | I9: 2489091 | J9: 包邮 | K9: 13841 | L9: 0.0162 | M9: 18282 | N9: 0.0161 | O9: 329076 | P9: 0.006 | Q9: 38864 | R9: 29307 | S9: 1.3261 | T9: 2 | U9: 5834 | Y9: 7天无理由|蚂蚁花呗|信用卡支付|集分宝|如实描述 | Z9: 广东广州 | AA9: 韩衣馆shop | AB9: 41571.557 | AC9: 3冠 | AD9: 4.7; 4.7; 4.7 | AE9: 10680 | AF9: 淘宝 | AG9: 0.9749 | AH9: 女装/女士精品 | AI9: 连衣裙 | AK9: 42240 | AL9: 0.65258102 | AM9: 0.89581019 | AN9: 一 | AO9: =HOUR(AL9) -> 15 | AP9: http://item.taobao.com/item.htm?id=520221451671
A10: 9 | B10: 第 1 页 第 9 位 | C10: 2015夏装新款套装甜美两件套女装裙子 欧洲站夏季短裙雪纺连衣裙 | E10: 118 | F10: 0.322 | G10: 38 | H10: 38 | I10: 12720 | J10: 包邮 | K10: 12729 | L10: 0.0149 | M10: 14498 | N10: 0.0128 | O10: 550924 | P10: 0.01 | Q10: 111246 | R10: 654964 | S10: 0.1699 | T10: 68 | U10: 15242 | Y10: 卖家承诺72小时内发货|8天退货，退货邮费买家承担|蚂蚁花呗|信用卡支付|集分宝|如实描述 | Z10: 广东广州 | AA10: wanwalkerman | AB10: 41112.482 | AC10: 5冠 | AD10: 4.7; 4.7; 4.6 | AE10: 139674 | AF10: 淘宝 | AG10: 0.9849 | AH10: 女装/女士精品 | AI10: 连衣裙 | AK10: 42239 | AL10: 0.95984954 | AM10: 0.2030787 | AN10: 日 | AO10: =HOUR(AL10) -> 23 | AP10: http://item.taobao.com/item.htm?id=45756314177
A11: 10 | B11: 第 1 页 第 10 位 | C11: 2015夏装新款韩版连衣裙背心裙修身高腰条纹小香风打底裙蓬蓬裙潮 | D11: 0 | E11: 64 | F11: 0.3594 | G11: 23 | H11: 23 | I11: 1554 | J11: 包邮 | K11: 12668 | L11: 0.0148 | M11: 15400 | N11: 0.0136 | O11: 354200 | P11: 0.0064 | Q11: 41830 | R11: 104826 | S11: 0.399 | T11: 5 | U11: 2857 | Y11: 8天退货，退货邮费买家承担|蚂蚁花呗|信用卡支付|集分宝|如实描述 | Z11: 广东广州 | AA11: 美丽呼吸韩版女装 | AB11: 41945.814 | AC11: 1冠 | AD11: 4.7; 4.7; 4.6 | AE11: 3932 | AF11: 淘宝 | AG11: 0.9802 | AH11: 女装/女士精品 | AI11: 连衣裙 | AK11: 42241 | AL11: 0.9172338 | AM11: 2天3时51分4秒 | AN11: 二 | AO11: =HOUR(AL11) -> 22 | AP11: http://item.taobao.com/item.htm?id=520487212484
A12: 11 | B12: 第 1 页 第 11 位 | C12: 2015新雪纺连衣裙大码女装夏装淑女超长款裙子显瘦气质连衣长裙夏 | D12: QDY15B4018 | E12: 103 | F12: 0.5631 | G12: 58 | H12: 58 | I12: 4545 | J12: 包邮 | K12: 11097 | L12: 0.013 | M12: 13899 | N12: 0.0123 | O12: 806142 | P12: 0.0146 | Q12: 71664 | R12: - | S12: - | T12: 20 | U12: 18384 | Z12: 广东广州 | AA12: 迪悠旗舰店 | AB12: 41478.726 | AC12: 4冠 | AD12: 4.8; 4.8; 4.8 | AE12: 51366 | AF12: 天猫 | AG12: 1 | AH12: 女装/女士精品 | AI12: 连衣裙 | AK12: 42242 | AL12: 0.72231481 | AM12: 2天23时10分23秒 | AN12: 三 | AO12: =HOUR(AL12) -> 17 | AP12: http://item.taobao.com/item.htm?id=45728286943
A13: 12 | B13: 第 1 页 第 12 位 | C13: 韩国代购2015夏季新款女装纯棉麻短袖衬衫裙中长款甜美连衣裙子 | D13: WQ057 | E13: 428 | F13: 0.0751 | G13: 32.14 | H13: 32.14 | I13: 10597 | J13: 包邮 | K13: 10980 | L13: 0.0128 | M13: 11642 | N13: 0.0103 | O13: 374173.88 | P13: 0.0068 | Q13: 49080 | R13: 58539 | S13: 0.8384 | T13: 3 | U13: 4712 | Y13: 7天无理由|蚂蚁花呗|信用卡支付|集分宝|如实描述 | Z13: 浙江杭州 | AA13: 普拉达8606 | AB13: 40356.066 | AC13: 1冠 | AD13: 4.7; 4.7; 4.6 | AE13: 2128 | AF13: 淘宝 | AG13: 0.948 | AH13: 女装/女士精品 | AI13: 连衣裙 | AK13: 42241 | AL13: 0.87515046 | AM13: 2天2时50分28秒 | AN13: 二 | AO13: =HOUR(AL13) -> 21 | AP13: http://item.taobao.com/item.htm?id=520178820639
A14: 13 | B14: 第 1 页 第 13 位 | C14: 2015夏装女装长裙子夏季中长款拼接修身大码优雅印花雪纺连衣裙女 | D14: 2YF001-1213 | E14: 498 | F14: 0.0596 | G14: 29.7 | H14: 29.7 | I14: 102289 | J14: 5 | K14: 10964 | L14: 0.0128 | M14: 14074 | N14: 0.0124 | O14: 417997.8 | P14: 0.0076 | Q14: 54144 | R14: - | S14: - | T14: 10 | U14: 10971 | W14: 满3件，享包邮，送3元优惠券 | Z14: 浙江杭州 | AA14: 漫兰飘香旗舰店 | AB14: 41746.487 | AC14: 4冠 | AD14: 4.6; 4.6; 4.8 | AE14: 45399 | AF14: 天猫 | AG14: 1 | AH14: 女装/女士精品 | AI14: 连衣裙 | AK14: 42244 | AL14: 0.66400463 | AM14: 4天21时46分25秒 | AN14: 五 | AO14: =HOUR(AL14) -> 15 | AP14: http://item.taobao.com/item.htm?id=45622403217
A15: 14 | B15: 第 1 页 第 14 位 | C15: 棉麻连衣裙女2015夏季韩版学生小清新短袖中裙女文艺范亚麻裙子潮 | E15: 138 | F15: 0.2246 | G15: 31 | H15: 31 | I15: 50031 | J15: 包邮 | K15: 10740 | L15: 0.0125 | M15: 12348 | N15: 0.0109 | O15: 382788 | P15: 0.0069 | Q15: 60956 | R15: 119568 | S15: 0.5098 | T15: 7 | U15: 6754 | Y15: 10天退货，退货邮费买家承担|蚂蚁花呗|信用卡支付|集分宝|如实描述 | Z15: 浙江杭州 | AA15: 潮流女装62 | AB15: 41300.351 | AC15: 2冠 | AD15: 4.6; 4.7; 4.6 | AE15: 6812 | AF15: 淘宝 | AG15: 0.9722 | AH15: 女装/女士精品 | AI15: 连衣裙 | AK15: 42240 | AL15: 0.875 | AM15: 1天2时50分15秒 | AN15: 一 | AO15: =HOUR(AL15) -> 21 | AP15: http://item.taobao.com/item.htm?id=520101954838
A16: 15 | B16: 第 1 页 第 15 位 | C16: jto 新款印花雪纺连衣裙夏喇叭袖松紧收腰显瘦短裙a字裙女062325 | E16: 87 | F16: 0.8 | G16: 69.6 | H16: 69.6 | I16: 1530 | J16: 包邮 | K16: 10634 | L16: 0.0124 | M16: 11950 | N16: 0.0105 | O16: 831720 | P16: 0.0151 | Q16: 120364 | R16: 252509 | S16: 0.4767 | T16: 4 | U16: 9848 | W16: 1.单笔订单满199元免运费(不包邮地区：内蒙古;黑龙江;甘肃;青海;新疆;西藏;台湾;香港;澳门;海外)，亲，快下手吧！ | Y16: 卖家承诺10天内发货|7天无理由|蚂蚁花呗|信用卡支付|集分宝|如实描述 | Z16: 浙江杭州 | AA16: zjforeverxxxx | AB16: 39643.925 | AC16: 2金冠 | AD16: 4.6; 4.7; 4.7 | AE16: 1458842 | AF16: 淘宝 | AG16: 0.9882 | AH16: 女装/女士精品 | AI16: 连衣裙 | AK16: 42239 | AL16: 0.92184028 | AM16: 0.16506944 | AN16: 日 | AO16: =HOUR(AL16) -> 22 | AP16: http://item.taobao.com/item.htm?id=520200646708
A17: 16 | B17: 第 1 页 第 16 位 | C17: 2015夏季新款小香风条纹胖MM背心连衣裙宽松大码蓬蓬裙高腰娃娃衫 | E17: 262 | F17: 0.0916 | G17: 24 | H17: 24 | I17: 457803 | J17: 包邮 | K17: 10333 | L17: 0.0121 | M17: 11330 | N17: 0.01 | O17: 271920 | P17: 0.0049 | Q17: 66934 | R17: 44914 | S17: 1.4903 | T17: 3 | U17: 2226 | Y17: 7天无理由|蚂蚁花呗|信用卡支付|集分宝|如实描述 | Z17: 广东广州 | AA17: 小小盼z | AB17: 41568.556 | AC17: 3冠 | AD17: 4.4; 4.5; 4.4 | AE17: 12566 | AF17: 淘宝 | AG17: 0.9443 | AH17: 女装/女士精品 | AI17: 连衣裙 | AK17: 42245 | AL17: 0.9190162 | AM17: 6天3时53分38秒 | AN17: 六 | AO17: =HOUR(AL17) -> 22 | AP17: http://item.taobao.com/item.htm?id=520448498247
A18: 17 | B18: 第 1 页 第 17 位 | C18: 2015韩系小清新套装连衣裙女春夏白领拼接两件套装裙吊带背心裙潮 | D18: fashion326 | E18: 127 | F18: 0.2126 | G18: 27 | H18: 27 | I18: 185972 | J18: 包邮 | K18: 10281 | L18: 0.012 | M18: 12390 | N18: 0.0109 | O18: 334530 | P18: 0.0061 | Q18: 85032 | R18: 77105 | S18: 1.1028 | T18: 9 | U18: 5282 | W18: 1.单笔订单满10元免运费(不包邮地区：台湾;香港;澳门;海外)，亲，快下手吧！|2.单笔订单满88元减4元；减后满88元，免运费(不包邮地区：台湾;香港;澳门;海外)，亲，快下手吧！|3.单笔订单满168元减8元；减后满168元，免运费(不包邮地区：台湾;香港;澳门;海外)，亲，快下手吧！|4.单笔订单满328元减16元；减后满328元，免运费(不包邮地区：台湾;香港;澳门;海外)，亲，快下手吧！|5.单笔订单满528元减20元；减后满528元，免运费(不包邮地区：台湾;香港;澳门;海外)，亲，快下手吧！ | Y18: 8天退货，退货邮费买家承担|蚂蚁花呗|信用卡支付|集分宝|如实描述 | Z18: 浙江杭州 | AA18: fashion时尚依馆 | AB18: 41620.015 | AC18: 3冠 | AD18: 4.6; 4.7; 4.6 | AE18: 31264 | AF18: 淘宝 | AG18: 0.9858 | AH18: 女装/女士精品 | AI18: 连衣裙 | AK18: 42245 | AL18: 0.875 | AM18: 6天2时50分15秒 | AN18: 六 | AO18: =HOUR(AL18) -> 21 | AP18: http://item.taobao.com/item.htm?id=45449529737
A19: 18 | B19: 第 1 页 第 18 位 | C19: 2015夏季包臀莫代尔长裙连衣裙大码吊带修身打底背心裙长款长裙 | E19: 89 | F19: 0.3247 | G19: 28.9 | H19: 28.9 | I19: 173717 | J19: 包邮 | K19: 10127 | L19: 0.0118 | M19: 13577 | N19: 0.012 | O19: 392375.3 | P19: 0.0071 | Q19: 29294 | R19: 57926 | S19: 0.5057 | T19: 9 | U19: 4994 | Y19: 卖家承诺72小时内发货|7天无理由|蚂蚁花呗|信用卡支付|集分宝|如实描述 | Z19: 浙江杭州 | AA19: 名款城 | AB19: 40771.765 | AC19: 3冠 | AD19: 4.8; 4.8; 4.7 | AE19: 12999 | AF19: 淘宝 | AG19: 0.9874 | AH19: 女装/女士精品 | AI19: 连衣裙 | AK19: 42241 | AL19: 0.67261574 | AM19: 1天21时58分49秒 | AN19: 二 | AO19: =HOUR(AL19) -> 16 | AP19: http://item.taobao.com/item.htm?id=520135988843
A20: 19 | B20: 第 1 页 第 19 位 | C20: 两件套连衣裙欧洲站2015夏装新款套装雪纺裙子背心休闲短裙气质潮 | E20: 128 | F20: 0.2891 | G20: 37 | H20: 37 | I20: 680 | J20: 包邮 | K20: 8894 | L20: 0.0104 | M20: 12223 | N20: 0.0108 | O20: 452251 | P20: 0.0082 | Q20: 43082 | R20: 78608 | S20: 0.5481 | T20: 2 | U20: 1137 | Y20: 卖家承诺72小时内发货|8天退货，退货邮费买家承担|蚂蚁花呗|信用卡支付|集分宝|如实描述 | Z20: 广东广州 | AA20: 随心良品 | AB20: 41426.388 | AC20: 4冠 | AD20: 4.8; 4.8; 4.8 | AE20: 23117 | AF20: 淘宝 | AG20: 0.9846 | AH20: 女装/女士精品 | AI20: 连衣裙 | AK20: 42242 | AL20: 0.9587963 | AM20: 3天4时50分55秒 | AN20: 三 | AO20: =HOUR(AL20) -> 23 | AP20: http://item.taobao.com/item.htm?id=520523704111
A21: 20 | B21: 第 1 页 第 20 位 | C21: 欧洲站2015夏装新款真丝雪纺水墨印花连衣裙收腰显瘦女裙子欧货 | D21: MY008 | E21: 988 | F21: 0.1615 | G21: 159.6 | H21: 159.6 | I21: 651 | J21: 包邮 | K21: 8733 | L21: 0.0102 | M21: 9760 | N21: 0.0086 | O21: 1557696 | P21: 0.0282 | Q21: 73194 | R21: 690856 | S21: 0.1059 | T21: 22 | U21: 5051 | Y21: 卖家承诺30天内发货|7天无理由|蚂蚁花呗|信用卡支付|集分宝|如实描述 | Z21: 浙江杭州 | AA21: zywj16叶伟林 | AB21: 39874.802 | AC21: 3冠 | AD21: 4.7; 4.8; 4.7 | AE21: 55049 | AF21: 淘宝 | AG21: 0.9758 | AH21: 女装/女士精品 | AI21: 连衣裙 | AK21: 42242 | AL21: 0.84722222 | AM21: 3天2时10分15秒 | AN21: 三 | AO21: =HOUR(AL21) -> 20 | AP21: http://item.taobao.com/item.htm?id=520386051081
A22: 21 | B22: 第 1 页 第 21 位 | C22: 歌兔雪纺连衣裙夏季长裙2015夏装清仓特价修身显瘦中长款女装裙子 | D22: GT15CQZ69 | E22: 298 | F22: 0.2983 | G22: 88.9 | H22: 88.9 | I22: 8437 | J22: 包邮 | K22: 8355 | L22: 0.0098 | M22: 11294 | N22: 0.01 | O22: 1004036.6 | P22: 0.0182 | Q22: 145106 | R22: - | S22: - | T22: 130 | U22: 30222 | Z22: 浙江杭州 | AA22: 歌兔服饰旗舰店 | AB22: 41592.604 | AC22: 5冠 | AD22: 4.8; 4.8; 4.8 | AE22: 105194 | AF22: 天猫 | AG22: 1 | AH22: 女装/女士精品 | AI22: 连衣裙 | AK22: 42240 | AL22: 0.87575231 | AM22: 1天2时51分20秒 | AN22: 一 | AO22: =HOUR(AL22) -> 21 | AP22: http://item.taobao.com/item.htm?id=44548937074
A23: 22 | B23: 第 1 页 第 22 位 | C23: 2015夏季新款气质大码中裙文艺复古棉麻两件套连衣裙亚麻套装裙女 | E23: 144 | F23: 0.3056 | G23: 44 | H23: 44 | I23: 30212 | J23: 包邮 | K23: 8328 | L23: 0.0097 | M23: 13084 | N23: 0.0115 | O23: 575696 | P23: 0.0104 | Q23: 18992 | R23: 205427 | S23: 0.0925 | T23: 9 | U23: 923 | Y23: 7天无理由|蚂蚁花呗|信用卡支付|集分宝|如实描述 | Z23: 广东广州 | AA23: 陈燕芬yyen | AB23: 41568.538 | AC23: 5钻 | AD23: 4.8; 4.7; 4.7 | AE23: 2296 | AF23: 淘宝 | AG23: 0.9596 | AH23: 女装/女士精品 | AI23: 连衣裙 | AK23: 42243 | AL23: 0.45844907 | AM23: 3天16时50分25秒 | AN23: 四 | AO23: =HOUR(AL23) -> 11 | AP23: http://item.taobao.com/item.htm?id=520826757637
A24: 23 | B24: 第 1 页 第 23 位 | C24: 2015韩版小清新性感露肩收腰碎花连衣裙夏女学生修身显瘦雪纺裙子 | E24: 139 | F24: 0.1727 | G24: 24 | H24: 24 | I24: 152744 | J24: 包邮 | K24: 8296 | L24: 0.0097 | M24: 9094 | N24: 0.008 | O24: 218256 | P24: 0.004 | Q24: 61206 | R24: 88663 | S24: 0.6903 | T24: 2 | U24: 7632 | Y24: 7天无理由|蚂蚁花呗|信用卡支付|集分宝|如实描述 | Z24: 广东广州 | AA24: 小小盼z | AB24: 41568.556 | AC24: 3冠 | AD24: 4.4; 4.5; 4.4 | AE24: 12566 | AF24: 淘宝 | AG24: 0.9443 | AH24: 女装/女士精品 | AI24: 连衣裙 | AK24: 42239 | AL24: 0.91447917 | AM24: 0.15770833 | AN24: 日 | AO24: =HOUR(AL24) -> 21 | AP24: http://item.taobao.com/item.htm?id=45781507725
A25: 24 | B25: 第 1 页 第 24 位 | C25: 欧洲站2015新款夏季印花连衣裙欧根纱高腰短裙韩版背心裙女装包邮 | D25: 1005 | E25: 336 | F25: 0.5298 | G25: 178 | H25: 178 | I25: 5433 | J25: 包邮 | K25: 8293 | L25: 0.0097 | M25: 10574 | N25: 0.0093 | O25: 1882172 | P25: 0.0341 | Q25: 154226 | R25: 749378 | S25: 0.2058 | T25: 78 | U25: 2177 | Y25: 卖家承诺48小时内发货|7天无理由|蚂蚁花呗|信用卡支付|集分宝|如实描述 | Z25: 浙江杭州 | AA25: 童年梦之路 | AB25: 41902.902 | AC25: 1冠 | AD25: 4.6; 4.7; 4.6 | AE25: 37061 | AF25: 淘宝 | AG25: 0.9791 | AH25: 女装/女士精品 | AI25: 连衣裙 | AK25: 42244 | AL25: 0.91806713 | AM25: 5天3时52分16秒 | AN25: 五 | AO25: =HOUR(AL25) -> 22 | AP25: http://item.taobao.com/item.htm?id=520543428983
A26: 25 | B26: 第 1 页 第 25 位 | C26: 2015夏装大码女装超长两件套拼接款修身蕾丝中裙子印花雪纺连衣裙 | D26: 2YF001-6658 | E26: 128 | F26: 0.232 | G26: 29.7 | H26: 29.7 | I26: 24279 | J26: 5 | K26: 8239 | L26: 0.0096 | M26: 10091 | N26: 0.0089 | O26: 299702.7 | P26: 0.0054 | Q26: 19022 | R26: - | S26: - | T26: 1 | U26: 3941 | W26: 满3件，享包邮，送3元优惠券 | Z26: 浙江杭州 | AA26: 漫兰飘香旗舰店 | AB26: 41746.487 | AC26: 4冠 | AD26: 4.6; 4.6; 4.8 | AE26: 45399 | AF26: 天猫 | AG26: 1 | AH26: 女装/女士精品 | AI26: 连衣裙 | AK26: 42241 | AL26: 0.86111111 | AM26: 2天2时30分15秒 | AN26: 二 | AO26: =HOUR(AL26) -> 20 | AP26: http://item.taobao.com/item.htm?id=520518136294
A27: 26 | B27: 第 1 页 第 26 位 | C27: 彩黛妃2015春夏季新款女装性感气质短袖修身显瘦连衣裙韩版L0180 | D27: L0180 | E27: 128 | F27: 0.1547 | G27: 19.8 | H27: 19.8 | I27: 13683 | J27: 包邮 | K27: 7986 | L27: 0.0093 | M27: 10582 | N27: 0.0093 | O27: 209523.6 | P27: 0.0038 | Q27: 29880 | R27: - | S27: - | T27: 7 | U27: 9696 | Z27: 江苏宿迁 | AA27: 彩黛妃旗舰店 | AB27: 41723.451 | AC27: 1金冠 | AD27: 4.6; 4.6; 4.8 | AE27: 308260 | AF27: 天猫 | AG27: 1 | AH27: 女装/女士精品 | AI27: 连衣裙 | AK27: 42243 | AL27: 0.41960648 | AM27: 3天15时54分29秒 | AN27: 四 | AO27: =HOUR(AL27) -> 10 | AP27: http://item.taobao.com/item.htm?id=45315416266
A28: 27 | B28: 第 1 页 第 27 位 | C28: 2015夏季新款韩版女装休闲套装连衣裙裤短袖t恤雪纺衫短裙两件套 | E28: 78 | F28: 0.4872 | G28: 38 | H28: 38 | I28: 268870 | J28: 包邮 | K28: 7916 | L28: 0.0092 | M28: 9298 | N28: 0.0082 | O28: 353324 | P28: 0.0064 | Q28: 21184 | R28: 54126 | S28: 0.3914 | T28: 15 | U28: 3152 | Y28: 卖家承诺72小时内发货|7天无理由|蚂蚁花呗|信用卡支付|集分宝|如实描述 | Z28: 广东广州 | AA28: 雅丹娜韩版女装 | AB28: 41586.934 | AC28: 3冠 | AD28: 4.5; 4.5; 4.4 | AE28: 8607 | AF28: 淘宝 | AG28: 0.9494 | AH28: 女装/女士精品 | AI28: 连衣裙 | AK28: 42240 | AL28: 0.44097222 | AM28: 0.68420139 | AN28: 一 | AO28: =HOUR(AL28) -> 10 | AP28: http://item.taobao.com/item.htm?id=520090687820
A29: 28 | B29: 第 1 页 第 28 位 | C29: 1嫣洛-dl04新款2015夏装韩版女装圆领时髦女郎印花收腰连衣裙F-29 | E29: 110 | F29: 0.49 | G29: 53.9 | H29: 53.9 | I29: 3457 | J29: 包邮 | K29: 7704 | L29: 0.009 | M29: 8426 | N29: 0.0074 | O29: 454161.4 | P29: 0.0082 | Q29: 73858 | R29: 638129 | S29: 0.1157 | T29: 57 | U29: 11990 | Y29: 7天无理由|集分宝|支付宝支付|如实描述 | Z29: 浙江杭州 | AA29: 日韩女装专卖 | AB29: 39140.893 | AC29: 4金冠 | AD29: 4.6; 4.7; 4.6 | AE29: 4387178 | AF29: 淘宝 | AG29: 0.9879 | AH29: 女装/女士精品 | AI29: 连衣裙 | AK29: 42242 | AL29: 0.41898148 | AM29: 2天15时53分35秒 | AN29: 三 | AO29: =HOUR(AL29) -> 10 | AP29: http://item.taobao.com/item.htm?id=520232454502
A30: 29 | B30: 第 1 页 第 29 位 | C30: 2015夏季韩国碎花打底吊带裙女装修身背带短裙雪纺收腰显瘦连衣裙 | E30: 43 | F30: 0.4884 | G30: 21 | H30: 21 | I30: 17788 | J30: 包邮 | K30: 7573 | L30: 0.0088 | M30: 8794 | N30: 0.0078 | O30: 184674 | P30: 0.0033 | Q30: 26472 | R30: 28697 | S30: 0.9225 | T30: 7 | U30: 1892 | Y30: 7天无理由|集分宝|支付宝支付|如实描述 | Z30: 广东广州 | AA30: 小晗子家 | AB30: 41733.533 | AC30: 5钻 | AD30: 4.7; 4.7; 4.6 | AE30: 6583 | AF30: 淘宝 | AG30: 0.9777 | AH30: 女装/女士精品 | AI30: 连衣裙 | AK30: 42245 | AL30: 0.63194444 | AM30: 5天21时0分15秒 | AN30: 六 | AO30: =HOUR(AL30) -> 15 | AP30: http://item.taobao.com/item.htm?id=520063878818
A31: 30 | B31: 第 1 页 第 30 位 | C31: 中年妈妈装中老年连衣裙35-40-45-50岁大码妇女装短袖花裙子夏装 | D31: 1305 | E31: 128 | F31: 0.1779 | G31: 22.77 | H31: 22.77 | I31: 5070 | J31: 包邮 | K31: 7510 | L31: 0.0088 | M31: 15345 | N31: 0.0135 | O31: 349405.65 | P31: 0.0063 | Q31: 28944 | R31: 482843 | S31: 0.0599 | T31: 620 | U31: 12841 | Y31: 8天退货，退货邮费买家承担|蚂蚁花呗|信用卡支付|集分宝|如实描述 | Z31: 北京 | AA31: 945xujie945 | AB31: 41423.361 | AC31: 3冠 | AD31: 4.7; 4.7; 4.7 | AE31: 5740 | AF31: 淘宝 | AG31: 0.9927 | AH31: 女装/女士精品 | AI31: 连衣裙 | AK31: 42239 | AL31: 0.86365741 | AM31: 0.10688657 | AN31: 日 | AO31: =HOUR(AL31) -> 20 | AP31: http://item.taobao.com/item.htm?id=38096663728
A32: 31 | B32: 第 1 页 第 31 位 | C32: 2015夏季新款修身背心裙 欧美竖条纹显瘦无袖连衣裙V领蓬蓬连衣裙 | E32: 111 | F32: 0.2432 | G32: 27 | H32: 27 | I32: 26367 | J32: 包邮 | K32: 7452 | L32: 0.0087 | M32: 7822 | N32: 0.0069 | O32: 211194 | P32: 0.0038 | Q32: 36440 | R32: 73622 | S32: 0.495 | T32: 6 | U32: 4974 | Y32: 卖家承诺72小时内发货|7天无理由|蚂蚁花呗|信用卡支付|集分宝|如实描述 | Z32: 广东广州 | AA32: 潮_流范儿 | AB32: 41738.737 | AC32: 2冠 | AD32: 4.6; 4.6; 4.5 | AE32: 5722 | AF32: 淘宝 | AG32: 0.9699 | AH32: 女装/女士精品 | AI32: 连衣裙 | AK32: 42239 | AL32: 0.92021991 | AM32: 0.16344907 | AN32: 日 | AO32: =HOUR(AL32) -> 22 | AP32: http://item.taobao.com/item.htm?id=520589940228
A33: 32 | B33: 第 1 页 第 32 位 | C33: 2015秋季新款女装大码印花裙子中长款长袖女士t恤时尚连衣裙女秋 | D33: FXYL2313 | E33: 88 | F33: 0.2727 | G33: 24 | H33: 24 | I33: 69092 | J33: 包邮 | K33: 7395 | L33: 0.0086 | M33: 8631 | N33: 0.0076 | O33: 207144 | P33: 0.0037 | Q33: 10296 | R33: - | S33: - | T33: 1 | U33: 2886 | Z33: 浙江杭州 | AA33: famcheyo法香郁旗舰店 | AB33: 41466.552 | AC33: 4冠 | AD33: 4.7; 4.7; 4.7 | AE33: 15369 | AF33: 天猫 | AG33: 1 | AH33: 女装/女士精品 | AI33: 连衣裙 | AK33: 42241 | AL33: 0.78923611 | AM33: 2天46分45秒 | AN33: 二 | AO33: =HOUR(AL33) -> 18 | AP33: http://item.taobao.com/item.htm?id=520521452563
A34: 33 | B34: 第 1 页 第 33 位 | C34: 韩国代购2015夏装新款无袖公主连衣裙女宽松大码蓬蓬裙高腰娃娃衫 | D34: 25 | E34: 680 | F34: 0.115 | G34: 78.21 | H34: 78.21 | I34: 8081 | J34: 包邮 | K34: 7393 | L34: 0.0086 | M34: 7936 | N34: 0.007 | O34: 620674.56 | P34: 0.0112 | Q34: 37774 | R34: 57050 | S34: 0.6621 | T34: 5 | U34: 2592 | Y34: 7天无理由|蚂蚁花呗|信用卡支付|集分宝|如实描述 | Z34: 广东广州 | AA34: 魅影mylove | AB34: 41052.815 | AC34: 3冠 | AD34: 4.7; 4.8; 4.7 | AE34: 70278 | AF34: 淘宝 | AG34: 0.9813 | AH34: 女装/女士精品 | AI34: 连衣裙 | AK34: 42244 | AL34: 0.59236111 | AM34: 4天20时3分15秒 | AN34: 五 | AO34: =HOUR(AL34) -> 14 | AP34: http://item.taobao.com/item.htm?id=520425699980
A35: 34 | B35: 第 1 页 第 34 位 | C35: 2015韩版大码甜美碎花修身显瘦中裙夏中长款中袖印花雪纺连衣裙秋 | D35: 8858 | E35: 91 | F35: 0.3297 | G35: 30 | H35: 30 | I35: 164161 | J35: 包邮 | K35: 7352 | L35: 0.0086 | M35: 9175 | N35: 0.0081 | O35: 275250 | P35: 0.005 | Q35: 32076 | R35: 72412 | S35: 0.443 | T35: 3 | U35: 3037 | Y35: 卖家承诺48小时内发货|8天退货，退货邮费卖家承担|蚂蚁花呗|信用卡支付|集分宝|如实描述 | Z35: 广东广州 | AA35: 亚洲电商shopping平台 | AB35: 41933.248 | AC35: 2冠 | AD35: 4.7; 4.7; 4.7 | AE35: 5773 | AF35: 淘宝 | AG35: 0.9739 | AH35: 女装/女士精品 | AI35: 连衣裙 | AK35: 42244 | AL35: 0.83333333 | AM35: 5天1时50分15秒 | AN35: 五 | AO35: =HOUR(AL35) -> 20 | AP35: http://item.taobao.com/item.htm?id=520563537761
A36: 35 | B36: 第 1 页 第 35 位 | C36: 欧洲站2015夏季女装印花连衣裙夏中裙时尚显瘦大码胖mm雪纺裙子 | E36: 87 | F36: 0.2947 | G36: 25.64 | H36: 25.64 | I36: 26956 | J36: 包邮 | K36: 7166 | L36: 0.0084 | M36: 7929 | N36: 0.007 | O36: 203299.56 | P36: 0.0037 | Q36: 11134 | R36: 23607 | S36: 0.4716 | T36: 12 | U36: 2142 | Y36: 卖家承诺24小时内发货|7天无理由|集分宝|支付宝支付|如实描述 | Z36: 广东广州 | AA36: 幸福是会重生的 | AB36: 41693.62 | AC36: 2冠 | AD36: 4.7; 4.7; 4.6 | AE36: 4113 | AF36: 淘宝 | AG36: 0.9768 | AH36: 女装/女士精品 | AI36: 连衣裙 | AK36: 42245 | AL36: 0.88935185 | AM36: 6天3时10分55秒 | AN36: 六 | AO36: =HOUR(AL36) -> 21 | AP36: http://item.taobao.com/item.htm?id=520661672994
A37: 36 | B37: 第 1 页 第 36 位 | C37: 2015夏装新款显瘦牛仔连衣裙背带裙女夏季潮学生牛仔吊带背心短裙 | E37: 140 | F37: 0.15 | G37: 21 | H37: 21 | I37: 413406 | J37: 包邮 | K37: 7121 | L37: 0.0083 | M37: 11486 | N37: 0.0101 | O37: 241206 | P37: 0.0044 | Q37: 7220 | R37: 18854 | S37: 0.3829 | T37: 7 | U37: 561 | Y37: 卖家承诺24小时内发货|8天退货，退货邮费买家承担|蚂蚁花呗|信用卡支付|集分宝|如实描述 | Z37: 广东中山 | AA37: 限量女装批发 | AB37: 40998.901 | AC37: 3钻 | AD37: 4.7; 4.8; 4.7 | AE37: 1942 | AF37: 淘宝 | AG37: 0.9968 | AH37: 女装/女士精品 | AI37: 连衣裙 | AK37: 42239 | AL37: 0.90625 | AM37: 0.14947917 | AN37: 日 | AO37: =HOUR(AL37) -> 21 | AP37: http://item.taobao.com/item.htm?id=520591170917
A38: 37 | B38: 第 1 页 第 37 位 | C38: 2015性感荷叶边露肩雪纺连衣裙夏女A字裙短裙宽松显瘦韩国QZ106 | D38: QZ106 | E38: 158 | F38: 0.6203 | G38: 98 | H38: 98 | I38: 15992 | J38: 包邮 | K38: 7053 | L38: 0.0082 | M38: 7537 | N38: 0.0066 | O38: 738626 | P38: 0.0134 | Q38: 147526 | R38: 331485 | S38: 0.445 | T38: 5 | U38: 3959 | Y38: 卖家承诺12天内发货|7天无理由|蚂蚁花呗|信用卡支付|集分宝|如实描述 | Z38: 浙江杭州 | AA38: 女人顶顶大 | AB38: 39248.559 | AC38: 2金冠 | AD38: 4.6; 4.7; 4.7 | AE38: 2664091 | AF38: 淘宝 | AG38: 0.9897 | AH38: 女装/女士精品 | AI38: 连衣裙 | AK38: 42241 | AL38: 0.41666667 | AM38: 1天15时50分15秒 | AN38: 二 | AO38: =HOUR(AL38) -> 10 | AP38: http://item.taobao.com/item.htm?id=520340311664
A39: 38 | B39: 第 1 页 第 38 位 | C39: 韩国代购2015夏装新款女装明星同款修身A字裙中裙红色连衣裙夏季 | E39: 193 | F39: 0.1554 | G39: 30 | H39: 30 | I39: 11042 | J39: 包邮 | K39: 6974 | L39: 0.0081 | M39: 8895 | N39: 0.0078 | O39: 266850 | P39: 0.0048 | Q39: 39956 | R39: 116581 | S39: 0.3427 | T39: 7 | U39: 8214 | Y39: 卖家承诺24小时内发货|7天无理由|蚂蚁花呗|集分宝|支付宝支付|如实描述 | Z39: 广东广州 | AA39: hao87882894 | AB39: 41500.954 | AC39: 2冠 | AD39: 4.6; 4.6; 4.5 | AE39: 3240 | AF39: 淘宝 | AG39: 0.9598 | AH39: 女装/女士精品 | AI39: 连衣裙 | AK39: 42244 | AL39: 0.88888889 | AM39: 5天3时10分15秒 | AN39: 五 | AO39: =HOUR(AL39) -> 21 | AP39: http://item.taobao.com/item.htm?id=45355935820
A40: 39 | B40: 第 1 页 第 39 位 | C40: 2015夏季新款牛奶丝中老年连衣裙中长款波西米亚复古包臀妈妈LYQ | D40: 1802 | E40: 118 | F40: 0.1426 | G40: 16.83 | H40: 16.83 | I40: 10189 | J40: 包邮 | K40: 6965 | L40: 0.0081 | M40: 17656 | N40: 0.0156 | O40: 297150.48 | P40: 0.0054 | Q40: 9080 | R40: 68915 | S40: 0.1318 | T40: 10 | U40: 5887 | Y40: 7天无理由|蚂蚁花呗|信用卡支付|集分宝|如实描述 | Z40: 北京 | AA40: 清品幽罱 | AB40: 41511.617 | AC40: 2冠 | AD40: 4.7; 4.7; 4.7 | AE40: 2499 | AF40: 淘宝 | AG40: 0.9666 | AH40: 女装/女士精品 | AI40: 连衣裙 | AK40: 42240 | AL40: 0.92358796 | AM40: 1天4时0分13秒 | AN40: 一 | AO40: =HOUR(AL40) -> 22 | AP40: http://item.taobao.com/item.htm?id=44161806562
A41: 40 | B41: 第 1 页 第 40 位 | C41: 棉麻连衣裙女夏季2015夏装女装新款韩版潮中长款修身显瘦中裙裙子 | E41: 55 | F41: 0.5 | G41: 27.5 | H41: 27.5 | I41: 31731 | J41: 包邮 | K41: 6892 | L41: 0.0081 | M41: 8711 | N41: 0.0077 | O41: 239552.5 | P41: 0.0043 | Q41: 7830 | R41: 21619 | S41: 0.3622 | T41: 4 | U41: 435 | Y41: 卖家承诺48小时内发货|7天无理由|集分宝|支付宝支付|如实描述 | Z41: 广东广州 | AA41: 清潭洞艾丽丝 | AB41: 41333.52 | AC41: 5钻 | AD41: 4.7; 4.7; 4.6 | AE41: 2280 | AF41: 淘宝 | AG41: 0.9723 | AH41: 女装/女士精品 | AI41: 连衣裙 | AK41: 42240 | AL41: 0.91944444 | AM41: 1天3时54分15秒 | AN41: 一 | AO41: =HOUR(AL41) -> 22 | AP41: http://item.taobao.com/item.htm?id=520492857781
A42: 41 | B42: 第 1 页 第 41 位 | C42: 夏季新款海边度假雪纺沙滩裙波西米亚长裙碎花印花仙女吊带连衣裙 | D42: 1203 | E42: 78 | F42: 0.3554 | G42: 27.72 | H42: 27.72 | I42: 18942 | J42: 包邮 | K42: 6816 | L42: 0.008 | M42: 8167 | N42: 0.0072 | O42: 226389.24 | P42: 0.0041 | Q42: 40584 | R42: 114713 | S42: 0.3538 | T42: 7 | U42: 10097 | Y42: 卖家承诺24小时内发货|7天无理由|蚂蚁花呗|集分宝|支付宝支付|如实描述 | Z42: 广东广州 | AA42: 艾米斯金 | AB42: 41039.054 | AC42: 2冠 | AD42: 4.6; 4.7; 4.6 | AE42: 2345 | AF42: 淘宝 | AG42: 0.9833 | AH42: 女装/女士精品 | AI42: 连衣裙 | AK42: 42242 | AL42: 0.88549769 | AM42: 3天3时5分22秒 | AN42: 三 | AO42: =HOUR(AL42) -> 21 | AP42: http://item.taobao.com/item.htm?id=520023042411
A43: 42 | B43: 第 1 页 第 42 位 | C43: 2015夏季韩版收腰显瘦印花雪纺露肩连衣裙子吊带一字领大摆中长裙 | E43: 290 | F43: 0.4626 | G43: 134.16 | H43: 134.16 | I43: 1715 | J43: 包邮 | K43: 6811 | L43: 0.008 | M43: 7755 | N43: 0.0068 | O43: 1040410.8 | P43: 0.0188 | Q43: 75770 | R43: 135914 | S43: 0.5575 | T43: 8 | U43: 4643 | Y43: 卖家承诺72小时内发货|7天无理由|蚂蚁花呗|信用卡支付|集分宝|如实描述 | Z43: 浙江杭州 | AA43: 时尚靓衣吧11 | AB43: 41590.455 | AC43: 2冠 | AD43: 4.8; 4.8; 4.8 | AE43: 15853 | AF43: 淘宝 | AG43: 0.9922 | AH43: 女装/女士精品 | AI43: 连衣裙 | AK43: 42246 | AL43: 0.58819444 | AM43: 6天19时57分14秒 | AN43: 日 | AO43: =HOUR(AL43) -> 14 | AP43: http://item.taobao.com/item.htm?id=520082649211
A44: 43 | B44: 第 1 页 第 43 位 | C44: 夏天新款女装复古蝴蝶印花修身连衣裙礼服无袖背心打底a字蓬蓬裙 | E44: 98 | F44: 0.3857 | G44: 37.8 | H44: 37.8 | I44: 90248 | J44: 包邮 | K44: 6753 | L44: 0.0079 | M44: 10282 | N44: 0.0091 | O44: 388659.6 | P44: 0.007 | Q44: 23772 | R44: 41788 | S44: 0.5689 | T44: 9 | U44: 3055 | Y44: 15天退货，退货邮费卖家承担|蚂蚁花呗|信用卡支付|集分宝|如实描述 | Z44: 广东广州 | AA44: 言而必有信88 | AB44: 41669.632 | AC44: 1冠 | AD44: 4.7; 4.8; 4.7 | AE44: 7628 | AF44: 淘宝 | AG44: 0.9865 | AH44: 女装/女士精品 | AI44: 连衣裙 | AK44: 42239 | AL44: 0.9777662 | AM44: 0.2209838 | AN44: 日 | AO44: =HOUR(AL44) -> 23 | AP44: http://item.taobao.com/item.htm?id=520217571580
A45: 44 | B45: 第 1 页 第 44 位 | C45: 长裙夏季连衣裙韩国修身碎花大码显瘦雪纺无袖波西米亚印花沙滩裙 | D45: 8715 | E45: 101 | F45: 0.2178 | G45: 22 | H45: 22 | I45: 11936 | J45: 包邮 | K45: 6689 | L45: 0.0078 | M45: 8261 | N45: 0.0073 | O45: 181742 | P45: 0.0033 | Q45: 26408 | R45: 29308 | S45: 0.9011 | T45: 9 | U45: 1555 | Y45: 卖家承诺48小时内发货|不支持七天无理由|集分宝|支付宝支付|如实描述 | Z45: 广东广州 | AA45: hdh红红 | AB45: 42144.831 | AC45: 4钻 | AD45: 4.7; 4.7; 4.6 | AE45: 1392 | AF45: 淘宝 | AG45: 0.9838 | AH45: 女装/女士精品 | AI45: 连衣裙 | AK45: 42244 | AL45: 0.49113426 | AM45: 4天17时37分28秒 | AN45: 五 | AO45: =HOUR(AL45) -> 11 | AP45: http://item.taobao.com/item.htm?id=520049263453
A46: 45 | B46: 第 1 页 第 45 位 | C46: 2015打底夏季长裙显瘦吊带长裙莫代尔长裙黑白条纹无袖背心连衣裙 | E46: 49 | F46: 0.402 | G46: 19.7 | H46: 19.7 | I46: 67904 | J46: 包邮 | K46: 6636 | L46: 0.0078 | M46: 9514 | N46: 0.0084 | O46: 187425.8 | P46: 0.0034 | Q46: 23104 | R46: 117941 | S46: 0.1959 | T46: 34 | U46: 7435 | W46: 1.单笔订单满65元减3元；亲，快下手吧！|2.单笔订单满70元减5元；减后满70元，送礼物，亲，快下手吧！ | Y46: 15天退货，退货邮费卖家承担|蚂蚁花呗|信用卡支付|集分宝|如实描述 | Z46: 山东青岛 | AA46: 奶油喝奶 | AB46: 41617.511 | AC46: 4冠 | AD46: 4.8; 4.8; 4.7 | AE46: 9441 | AF46: 淘宝 | AG46: 0.9747 | AH46: 女装/女士精品 | AI46: 连衣裙 | AK46: 42244 | AL46: 0.60355324 | AM46: 4天20时19分21秒 | AN46: 五 | AO46: =HOUR(AL46) -> 14 | AP46: http://item.taobao.com/item.htm?id=39754010062
A47: 46 | B47: 第 1 页 第 46 位 | C47: 2015夏季新款欧洲站时尚名媛柔软欧根纱印花无袖大码连衣裙夏中裙 | D47: 天赐-9898 | E47: 188 | F47: 0.258 | G47: 48.51 | H47: 48.51 | I47: 1842 | J47: 包邮 | K47: 6628 | L47: 0.0077 | M47: 6936 | N47: 0.0061 | O47: 336465.36 | P47: 0.0061 | Q47: 13166 | R47: 37012 | S47: 0.3557 | T47: 4 | U47: 1216 | Y47: 卖家承诺72小时内发货|8天退货，退货邮费买家承担|蚂蚁花呗|信用卡支付|集分宝|如实描述 | Z47: 广东广州 | AA47: tb7973039 | AB47: 40874.998 | AC47: 4钻 | AD47: 4.5; 4.6; 4.5 | AE47: 3787 | AF47: 淘宝 | AG47: 0.961 | AH47: 女装/女士精品 | AI47: 连衣裙 | AK47: 42245 | AL47: 0.89189815 | AM47: 6天3时14分34秒 | AN47: 六 | AO47: =HOUR(AL47) -> 21 | AP47: http://item.taobao.com/item.htm?id=520014511001
A48: 47 | B48: 第 1 页 第 47 位 | C48: 2015夏装新款唐嫣明星同款连衣裙短袖显瘦气质镂空透视小黑裙女装 | D48: 8077 | E48: 299 | F48: 0.2616 | G48: 78.21 | H48: 78.21 | I48: 12404 | J48: 包邮 | K48: 6595 | L48: 0.0077 | M48: 9444 | N48: 0.0083 | O48: 738615.24 | P48: 0.0134 | Q48: 47860 | R48: 76793 | S48: 0.6232 | T48: 7 | U48: 2092 | Y48: 卖家承诺24小时内发货|7天无理由|蚂蚁花呗|信用卡支付|集分宝|如实描述 | Z48: 广东广州 | AA48: 563803170wen | AB48: 41447.797 | AC48: 2冠 | AD48: 4.8; 4.8; 4.7 | AE48: 15070 | AF48: 淘宝 | AG48: 0.983 | AH48: 女装/女士精品 | AI48: 连衣裙 | AK48: 42242 | AL48: 0.88194444 | AM48: 3天3时0分14秒 | AN48: 三 | AO48: =HOUR(AL48) -> 21 | AP48: http://item.taobao.com/item.htm?id=520304080374
A49: 48 | B49: 第 1 页 第 48 位 | C49: 韩国代购2015夏季新款韩版性感女装显瘦OL包臀蕾丝镂空连衣裙短裙 | D49: 888 | E49: 158 | F49: 0.2525 | G49: 39.9 | H49: 39.9 | I49: 11102 | J49: 包邮 | K49: 6548 | L49: 0.0076 | M49: 8198 | N49: 0.0072 | O49: 327100.2 | P49: 0.0059 | Q49: 37044 | R49: 65682 | S49: 0.564 | T49: 7 | U49: 4593 | Y49: 卖家承诺48小时内发货|7天无理由|蚂蚁花呗|信用卡支付|集分宝|如实描述 | Z49: 广东广州 | AA49: 天使之城丶妞妞 | AB49: 41903.836 | AC49: 1冠 | AD49: 4.7; 4.7; 4.6 | AE49: 4841 | AF49: 淘宝 | AG49: 0.9229 | AH49: 女装/女士精品 | AI49: 连衣裙 | AK49: 42241 | AL49: 0.090277778 | AM49: 1天8时0分14秒 | AN49: 二 | AO49: =HOUR(AL49) -> 2 | AP49: http://item.taobao.com/item.htm?id=45818851323
A50: 49 | B50: 第 2 页 第 1 位 | C50: 2015夏装新款女装长裙子优雅中长款修身大码拼接印花雪纺连衣裙女 | D50: 2YF2268--429 | E50: 498 | F50: 0.0596 | G50: 29.7 | H50: 29.7 | I50: 393081 | J50: 5 | K50: 6289 | L50: 0.0073 | M50: 8070 | N50: 0.0071 | O50: 239679 | P50: 0.0043 | Q50: 43462 | R50: - | S50: - | T50: 10 | U50: 13850 | W50: 满3件，享包邮，送3元优惠券 | Z50: 浙江杭州 | AA50: 漫兰飘香旗舰店 | AB50: 41746.487 | AC50: 4冠 | AD50: 4.6; 4.6; 4.8 | AE50: 45399 | AF50: 天猫 | AG50: 1 | AH50: 女装/女士精品 | AI50: 连衣裙 | AK50: 42244 | AL50: 0.94467593 | AM50: 5天4时30分34秒 | AN50: 五 | AO50: =HOUR(AL50) -> 22 | AP50: http://item.taobao.com/item.htm?id=45573789007
A51: 50 | B51: 第 2 页 第 2 位 | C51: 2015夏装新款女装韩版名媛假两件套装裙子短袖雪纺连衣裙女打底裙 | E51: 173 | F51: 0.1908 | G51: 33 | H51: 33 | I51: 28996 | J51: 包邮 | K51: 6286 | L51: 0.0073 | M51: 8616 | N51: 0.0076 | O51: 284328 | P51: 0.0051 | Q51: 19784 | R51: 56334 | S51: 0.3512 | T51: 19 | U51: 1785 | Y51: 7天无理由|蚂蚁花呗|信用卡支付|集分宝|如实描述 | Z51: 广东广州 | AA51: 欣欣衣衣66 | AB51: 41808.711 | AC51: 3冠 | AD51: 4.6; 4.6; 4.5 | AE51: 24456 | AF51: 淘宝 | AG51: 0.9848 | AH51: 女装/女士精品 | AI51: 连衣裙 | AK51: 42242 | AL51: 0.91666667 | AM51: 3天3时50分14秒 | AN51: 三 | AO51: =HOUR(AL51) -> 22 | AP51: http://item.taobao.com/item.htm?id=520091596879
A52: 51 | B52: 第 2 页 第 3 位 | C52: 2015夏季裙子女露背收腰显瘦v领抹胸修身性感雪纺无袖连衣裙短裙 | E52: 188 | F52: 0.2054 | G52: 38.61 | H52: 38.61 | I52: 150101 | J52: 包邮 | K52: 6214 | L52: 0.0073 | M52: 8671 | N52: 0.0076 | O52: 334787.31 | P52: 0.0061 | Q52: 35890 | R52: 39701 | S52: 0.904 | T52: 2 | U52: 1491 | Y52: 卖家承诺48小时内发货|7天无理由|蚂蚁花呗|信用卡支付|集分宝|如实描述 | Z52: 广东广州 | AA52: 韩流时尚女人街 | AB52: 41691.587 | AC52: 1冠 | AD52: 4.7; 4.7; 4.7 | AE52: 5116 | AF52: 淘宝 | AG52: 0.9771 | AH52: 女装/女士精品 | AI52: 连衣裙 | AK52: 42239 | AL52: 0.79738426 | AM52: 58分28秒 | AN52: 日 | AO52: =HOUR(AL52) -> 19 | AP52: http://item.taobao.com/item.htm?id=45761398641
A53: 52 | B53: 第 2 页 第 4 位 | C53: 歌兔印花连衣裙夏季长裙碎花雪纺2015夏装修身显瘦女装中长款裙子 | D53: GT15CQZ73 | E53: 298 | F53: 0.3319 | G53: 98.9 | H53: 98.9 | I53: 3559 | J53: 包邮 | K53: 6201 | L53: 0.0072 | M53: 7999 | N53: 0.0071 | O53: 791101.1 | P53: 0.0143 | Q53: 92930 | R53: - | S53: - | T53: 27 | U53: 17776 | Z53: 浙江杭州 | AA53: 歌兔服饰旗舰店 | AB53: 41592.604 | AC53: 5冠 | AD53: 4.8; 4.8; 4.8 | AE53: 105194 | AF53: 天猫 | AG53: 1 | AH53: 女装/女士精品 | AI53: 连衣裙 | AK53: 42241 | AL53: 0.87513889 | AM53: 2天2时50分26秒 | AN53: 二 | AO53: =HOUR(AL53) -> 21 | AP53: http://item.taobao.com/item.htm?id=44630071873
A54: 53 | B54: 第 2 页 第 5 位 | C54: 欧洲站2015夏装新款韩版修身显瘦欧根纱印花背心裙子无袖连衣裙女 | D54: FM150610 | E54: 588 | F54: 0.2633 | G54: 154.84 | H54: 154.84 | I54: 868 | J54: 包邮 | K54: 6151 | L54: 0.0072 | M54: 8187 | N54: 0.0072 | O54: 1267675.1 | P54: 0.0229 | Q54: 68692 | R54: 137617 | S54: 0.4992 | T54: 6 | U54: 1424 | Y54: 7天无理由|蚂蚁花呗|信用卡支付|集分宝|如实描述 | Z54: 浙江杭州 | AA54: juju899071 | AB54: 40342.042 | AC54: 3冠 | AD54: 4.7; 4.8; 4.7 | AE54: 70623 | AF54: 淘宝 | AG54: 0.9735 | AH54: 女装/女士精品 | AI54: 连衣裙 | AK54: 42242 | AL54: 0.914375 | AM54: 3天3时46分56秒 | AN54: 三 | AO54: =HOUR(AL54) -> 21 | AP54: http://item.taobao.com/item.htm?id=520465734190
A55: 54 | B55: 第 2 页 第 6 位 | C55: 欧洲站2015套装女夏女装小熊印花T背带长裙两件套连衣裙背带套装 | E55: 84 | F55: 0.3929 | G55: 33 | H55: 33 | I55: 16545 | J55: 包邮 | K55: 6122 | L55: 0.0072 | M55: 6967 | N55: 0.0061 | O55: 229911 | P55: 0.0042 | Q55: 49316 | R55: 324009 | S55: 0.1522 | T55: 24 | U55: 12465 | Y55: 8天退货，退货邮费买家承担|蚂蚁花呗|信用卡支付|集分宝|如实描述 | Z55: 浙江杭州 | AA55: 日韩女装专铺 | AB55: 41160.864 | AC55: 3冠 | AD55: 4.7; 4.7; 4.6 | AE55: 9519 | AF55: 淘宝 | AG55: 0.9744 | AH55: 女装/女士精品 | AI55: 连衣裙 | AK55: 42245 | AL55: 0.87586806 | AM55: 6天2时51分29秒 | AN55: 六 | AO55: =HOUR(AL55) -> 21 | AP55: http://item.taobao.com/item.htm?id=45617110699
A56: 55 | B56: 第 2 页 第 7 位 | C56: 卡洛莱韩版修身露肩收腰A字裙2015夏季新款女装时尚雪纺连衣裙女 | D56: KXXM572JW0 | E56: 298 | F56: 0.4295 | G56: 128 | H56: 128 | I56: 15609 | J56: 包邮 | K56: 6067 | L56: 0.0071 | M56: 9502 | N56: 0.0084 | O56: 1216256 | P56: 0.022 | Q56: 89778 | R56: - | S56: - | T56: 19 | U56: 8612 | Z56: 浙江杭州 | AA56: 卡洛莱旗舰店 | AB56: 41221.717 | AC56: 5冠 | AD56: 4.8; 4.8; 4.8 | AE56: 253048 | AF56: 天猫 | AG56: 1 | AH56: 女装/女士精品 | AI56: 连衣裙 | AK56: 42244 | AL56: 0.016863426 | AM56: 4天6时14分31秒 | AN56: 五 | AO56: =HOUR(AL56) -> 0 | AP56: http://item.taobao.com/item.htm?id=45785571808
A57: 56 | B57: 第 2 页 第 8 位 | C57: 夏装新款2015韩版蕾丝欧根纱拼接网纱蓬蓬裙无袖a字裙公主连衣裙 | D57: 8777 | E57: 124 | F57: 0.1935 | G57: 24 | H57: 24 | I57: 28595 | J57: 包邮 | K57: 5970 | L57: 0.007 | M57: 6443 | N57: 0.0057 | O57: 154632 | P57: 0.0028 | Q57: 26010 | R57: 29107 | S57: 0.8936 | T57: 3 | U57: 2936 | Y57: 卖家承诺24小时内发货|7天无理由|集分宝|支付宝支付|如实描述 | Z57: 浙江杭州 | AA57: 天将降莲花 | AB57: 41586.606 | AC57: 5钻 | AD57: 4.6; 4.7; 4.6 | AE57: 1550 | AF57: 淘宝 | AG57: 0.9801 | AH57: 女装/女士精品 | AI57: 连衣裙 | AK57: 42245 | AL57: 0.90972222 | AM57: 6天3时40分14秒 | AN57: 六 | AO57: =HOUR(AL57) -> 21 | AP57: http://item.taobao.com/item.htm?id=520323420745
A58: 57 | B58: 第 2 页 第 9 位 | C58: 2015韩版新款夏季无袖印花宽松亚麻中长款胖mm大码棉麻连衣裙 女 | E58: 93 | F58: 0.2581 | G58: 24 | H58: 24 | I58: 74772 | J58: 包邮 | K58: 5969 | L58: 0.007 | M58: 6896 | N58: 0.0061 | O58: 165504 | P58: 0.003 | Q58: 42508 | R58: 108832 | S58: 0.3906 | T58: 6 | U58: 6466 | Y58: 7天无理由|蚂蚁花呗|信用卡支付|集分宝|如实描述 | Z58: 广东广州 | AA58: zenglingxin5xx | AB58: 41605.983 | AC58: 3冠 | AD58: 4.6; 4.6; 4.4 | AE58: 9200 | AF58: 淘宝 | AG58: 0.949 | AH58: 女装/女士精品 | AI58: 连衣裙 | AK58: 42244 | AL58: 0.83333333 | AM58: 5天1时50分14秒 | AN58: 五 | AO58: =HOUR(AL58) -> 20 | AP58: http://item.taobao.com/item.htm?id=45783442240
A59: 58 | B59: 第 2 页 第 10 位 | C59: 2015夏季新款韩版v领气质大码连衣裙雪纺拼接流苏复古中长裙女装 | E59: 299 | F59: 0.4154 | G59: 124.2 | H59: 124.2 | I59: 543 | J59: 包邮 | K59: 5899 | L59: 0.0069 | M59: 7338 | N59: 0.0065 | O59: 911379.6 | P59: 0.0165 | Q59: 24972 | R59: 98479 | S59: 0.2536 | T59: 4 | U59: 950 | Y59: 卖家承诺7天内发货|7天无理由|蚂蚁花呗|信用卡支付|集分宝|如实描述 | Z59: 江苏苏州 | AA59: jzjz0307 | AB59: 41206.775 | AC59: 3冠 | AD59: 4.7; 4.8; 4.7 | AE59: 54256 | AF59: 淘宝 | AG59: 0.986 | AH59: 女装/女士精品 | AI59: 连衣裙 | AK59: 42244 | AL59: 0.70731481 | AM59: 4天22时48分46秒 | AN59: 五 | AO59: =HOUR(AL59) -> 16 | AP59: http://item.taobao.com/item.htm?id=520368699812
A60: 59 | B60: 第 2 页 第 11 位 | C60: 2015夏装新款气质修身显瘦条纹波点碎花无袖连衣裙背心背带裙 潮 | D60: 1403 | E60: 100 | F60: 0.21 | G60: 21 | H60: 21 | I60: 102628 | J60: 包邮 | K60: 5883 | L60: 0.0069 | M60: 7514 | N60: 0.0066 | O60: 157794 | P60: 0.0029 | Q60: 33448 | R60: 78057 | S60: 0.4285 | T60: 17 | U60: 5279 | Y60: 卖家承诺72小时内发货|7天无理由|蚂蚁花呗|信用卡支付|集分宝|如实描述 | Z60: 广东广州 | AA60: 优品女装团购网 | AB60: 41566.042 | AC60: 3冠 | AD60: 4.7; 4.7; 4.6 | AE60: 5620 | AF60: 淘宝 | AG60: 0.9857 | AH60: 女装/女士精品 | AI60: 连衣裙 | AK60: 42244 | AL60: 0.8969213 | AM60: 5天3时21分48秒 | AN60: 五 | AO60: =HOUR(AL60) -> 21 | AP60: http://item.taobao.com/item.htm?id=45847604765
A61: 60 | B61: 第 2 页 第 12 位 | C61: 2015新款女夏装韩版直筒裙休闲大码女装宽松显瘦条纹印花连衣裙 | D61: 828# | E61: 198 | F61: 0.1359 | G61: 26.9 | H61: 26.9 | I61: 21351 | J61: 包邮 | K61: 5773 | L61: 0.0067 | M61: 6902 | N61: 0.0061 | O61: 185663.8 | P61: 0.0034 | Q61: 3386 | R61: 24146 | S61: 0.1402 | T61: 3 | U61: 1654 | Y61: 卖家承诺72小时内发货|8天退货，退货邮费买家承担|集分宝|支付宝支付|如实描述 | Z61: 广东广州 | AA61: 冷雨纷飞98 | AB61: 41815.565 | AC61: 2冠 | AD61: 4.6; 4.7; 4.6 | AE61: 1181 | AF61: 淘宝 | AG61: 0.9811 | AH61: 女装/女士精品 | AI61: 连衣裙 | AK61: 42243 | AL61: 0.48200231 | AM61: 3天17时24分19秒 | AN61: 四 | AO61: =HOUR(AL61) -> 11 | AP61: http://item.taobao.com/item.htm?id=520831632968
A62: 61 | B62: 第 2 页 第 13 位 | C62: 2015夏季新款韩版印花无袖大码蓬蓬裙显瘦短裙小礼服夏天连衣裙子 | E62: 98 | F62: 0.3761 | G62: 36.86 | H62: 36.86 | I62: 54504 | J62: 包邮 | K62: 5719 | L62: 0.0067 | M62: 8387 | N62: 0.0074 | O62: 309144.82 | P62: 0.0056 | Q62: 22562 | R62: 31804 | S62: 0.7094 | T62: 4 | U62: 3372 | Y62: 7天无理由|蚂蚁花呗|信用卡支付|集分宝|如实描述 | Z62: 广东广州 | AA62: 百衣公主 | AB62: 41270.031 | AC62: 3冠 | AD62: 4.7; 4.7; 4.7 | AE62: 55638 | AF62: 淘宝 | AG62: 0.9605 | AH62: 女装/女士精品 | AI62: 连衣裙 | AK62: 42242 | AL62: 0.849375 | AM62: 3天2时13分20秒 | AN62: 三 | AO62: =HOUR(AL62) -> 20 | AP62: http://item.taobao.com/item.htm?id=520157530977
A63: 62 | B63: 第 2 页 第 14 位 | C63: 全国包邮夏装新款宽松网纱蕾丝无袖连衣裙女短裙子蓬蓬公主裙白色 | D63: XX | E63: 199 | F63: 0.4278 | G63: 85.14 | H63: 85.14 | I63: 11982 | J63: 包邮 | K63: 5683 | L63: 0.0066 | M63: 6341 | N63: 0.0056 | O63: 539872.74 | P63: 0.0098 | Q63: 52046 | R63: 218369 | S63: 0.2383 | T63: 13 | U63: 3838 | W63: 1.单笔订单满188元免运费(不包邮地区：内蒙古;黑龙江;甘肃;青海;宁夏;新疆;西藏;台湾;香港;澳门)；亲，快下手吧！ | Y63: 卖家承诺72小时内发货|7天无理由|蚂蚁花呗|信用卡支付|集分宝|如实描述 | Z63: 浙江杭州 | AA63: 蜜蜜家98 | AB63: 41160.727 | AC63: 5冠 | AD63: 4.8; 4.8; 4.7 | AE63: 304738 | AF63: 淘宝 | AG63: 0.9904 | AH63: 女装/女士精品 | AI63: 连衣裙 | AK63: 42240 | AL63: 0.41666667 | AM63: 0.65988426 | AN63: 一 | AO63: =HOUR(AL63) -> 10 | AP63: http://item.taobao.com/item.htm?id=520268948186
A64: 63 | B64: 第 2 页 第 15 位 | C64: 夏季新款2015夏装女装新款韩版中长款修身显瘦雪纺印花连衣裙子潮 | E64: 316 | F64: 0.495 | G64: 156.42 | H64: 156.42 | I64: 1291 | J64: 包邮 | K64: 5671 | L64: 0.0066 | M64: 6281 | N64: 0.0055 | O64: 982474.02 | P64: 0.0178 | Q64: 45936 | R64: 244396 | S64: 0.188 | T64: 9 | U64: 1052 | Y64: 卖家承诺5天内发货|7天无理由|蚂蚁花呗|信用卡支付|集分宝|如实描述 | Z64: 浙江杭州 | AA64: 时尚米娜服装 | AB64: 41332.681 | AC64: 3冠 | AD64: 4.6; 4.7; 4.7 | AE64: 100922 | AF64: 淘宝 | AG64: 0.9807 | AH64: 女装/女士精品 | AI64: 连衣裙 | AK64: 42246 | AL64: 0.49951389 | AM64: 6天17时49分32秒 | AN64: 日 | AO64: =HOUR(AL64) -> 11 | AP64: http://item.taobao.com/item.htm?id=520472986278
A65: 64 | B65: 第 2 页 第 16 位 | C65: 2015夏季新款韩版女装性感无袖背心裙修身短裙吊带沙滩碎花连衣裙 | D65: 8607 | E65: 298 | F65: 0.107 | G65: 31.9 | H65: 31.9 | I65: 28317 | J65: 包邮 | K65: 5612 | L65: 0.0066 | M65: 7214 | N65: 0.0064 | O65: 230126.6 | P65: 0.0042 | Q65: 94804 | R65: - | S65: - | T65: 82 | U65: 20577 | W65: 满148元，省5元|满248元，省10元|满348元，省20元 | Z65: 广东广州 | AA65: 芊姿铭旗舰店 | AB65: 41887.708 | AC65: 3冠 | AD65: 4.6; 4.7; 4.8 | AE65: 9395 | AF65: 天猫 | AG65: 1 | AH65: 女装/女士精品 | AI65: 连衣裙 | AK65: 42244 | AL65: 0.58831019 | AM65: 4天19时57分24秒 | AN65: 五 | AO65: =HOUR(AL65) -> 14 | AP65: http://item.taobao.com/item.htm?id=44142652151
A66: 65 | B66: 第 2 页 第 17 位 | C66: 2015夏季新款韩版女装甜美学院风条纹拼色露肩可爱娃娃款连衣裙潮 | E66: 203 | F66: 0.1166 | G66: 23.66 | H66: 23.66 | I66: 11132 | J66: 包邮 | K66: 5607 | L66: 0.0065 | M66: 6731 | N66: 0.0059 | O66: 159255.46 | P66: 0.0029 | Q66: 25206 | R66: 21863 | S66: 1.1529 | T66: 0 | U66: 2260 | Y66: 卖家承诺48小时内发货|7天无理由|集分宝|支付宝支付|如实描述 | Z66: 广东广州 | AA66: qq395950340 | AB66: 41192.685 | AC66: 2冠 | AD66: 4.6; 4.6; 4.4 | AE66: 3193 | AF66: 淘宝 | AG66: 0.9655 | AH66: 女装/女士精品 | AI66: 连衣裙 | AK66: 42240 | AL66: 0.61172454 | AM66: 0.85494213 | AN66: 一 | AO66: =HOUR(AL66) -> 14 | AP66: http://item.taobao.com/item.htm?id=520355332942
A67: 66 | B67: 第 2 页 第 18 位 | C67: 2015棉麻连衣裙夏文艺复古气质显瘦大码休闲亚麻两件套装裙长裙女 | E67: 158 | F67: 0.5 | G67: 79 | H67: 79 | I67: 7970 | J67: 包邮 | K67: 5516 | L67: 0.0064 | M67: 6027 | N67: 0.0053 | O67: 476133 | P67: 0.0086 | Q67: 10964 | R67: 48315 | S67: 0.2269 | T67: 3 | U67: 1729 | Y67: 7天无理由|信用卡支付|集分宝|支付宝支付|如实描述 | Z67: 广东广州 | AA67: 伊利儿服饰 | AB67: 41304.591 | AC67: 1冠 | AD67: 4.7; 4.7; 4.7 | AE67: 2329 | AF67: 淘宝 | AG67: 0.9851 | AH67: 女装/女士精品 | AI67: 连衣裙 | AK67: 42244 | AL67: 0.66712963 | AM67: 4天21时50分54秒 | AN67: 五 | AO67: =HOUR(AL67) -> 16 | AP67: http://item.taobao.com/item.htm?id=520564014099
A68: 67 | B68: 第 2 页 第 19 位 | C68: 棉麻连衣裙女夏季2015夏装女装新款韩版潮中长款修身显瘦中裙裙子 | E68: 321 | F68: 0.0935 | G68: 30 | H68: 30 | I68: 195892 | J68: 包邮 | K68: 5476 | L68: 0.0064 | M68: 6958 | N68: 0.0061 | O68: 208740 | P68: 0.0038 | Q68: 15944 | R68: 107914 | S68: 0.1477 | T68: 9 | U68: 3809 | Y68: 卖家承诺48小时内发货|7天无理由|蚂蚁花呗|信用卡支付|集分宝|如实描述 | Z68: 广东广州 | AA68: zhouhaizhi88 | AB68: 39895.707 | AC68: 3冠 | AD68: 4.6; 4.6; 4.5 | AE68: 14282 | AF68: 淘宝 | AG68: 0.969 | AH68: 女装/女士精品 | AI68: 连衣裙 | AK68: 42243 | AL68: 0.73478009 | AM68: 3天23时28分19秒 | AN68: 四 | AO68: =HOUR(AL68) -> 17 | AP68: http://item.taobao.com/item.htm?id=520044602048
A69: 68 | B69: 第 2 页 第 20 位 | C69: 新款V领中长款修身短袖连衣裙韩版纯色侧开叉打底t恤裙子女春夏装 | D69: T021 | E69: 99 | F69: 0.1879 | G69: 18.6 | H69: 18.6 | I69: 29603 | J69: 包邮 | K69: 5406 | L69: 0.0063 | M69: 7248 | N69: 0.0064 | O69: 134812.8 | P69: 0.0024 | Q69: 18126 | R69: - | S69: - | T69: 0 | U69: 2744 | Z69: 广东广州 | AA69: 韩熹儿阔傲专卖店 | AB69: 41933.437 | AC69: 4冠 | AD69: 4.6; 4.6; 4.8 | AE69: 36789 | AF69: 天猫 | AG69: 1 | AH69: 女装/女士精品 | AI69: 连衣裙 | AK69: 42244 | AL69: 0.67365741 | AM69: 4天22时0分18秒 | AN69: 五 | AO69: =HOUR(AL69) -> 16 | AP69: http://item.taobao.com/item.htm?id=520306305470
A70: 69 | B70: 第 2 页 第 21 位 | C70: 韩国代购2015夏装新款女装修身裙子蓬蓬A字裙中裙红色连衣裙夏季 | D70: 51Q020 | E70: 184 | F70: 0.1467 | G70: 27 | H70: 27 | I70: 12920 | J70: 包邮 | K70: 5393 | L70: 0.0063 | M70: 6992 | N70: 0.0062 | O70: 188784 | P70: 0.0034 | Q70: 13532 | R70: 12305 | S70: 1.0997 | T70: 3 | U70: 1121 | Y70: 卖家承诺24小时内发货|7天无理由|蚂蚁花呗|集分宝|支付宝支付|如实描述 | Z70: 广东广州 | AA70: 韩韩美贞 | AB70: 42078.514 | AC70: 5钻 | AD70: 4.6; 4.6; 4.5 | AE70: 2399 | AF70: 淘宝 | AG70: 0.9251 | AH70: 女装/女士精品 | AI70: 连衣裙 | AK70: 42239 | AL70: 0.90972222 | AM70: 0.15293981 | AN70: 日 | AO70: =HOUR(AL70) -> 21 | AP70: http://item.taobao.com/item.htm?id=45826090664
A71: 70 | B71: 第 2 页 第 22 位 | C71: 2015夏装韩版甜美气质修身显瘦勾花镂空A字蕾丝连衣裙包臀裙短裙 | E71: 158 | F71: 0.2273 | G71: 35.91 | H71: 35.91 | I71: 301581 | J71: 包邮 | K71: 5353 | L71: 0.0063 | M71: 8388 | N71: 0.0074 | O71: 301213.08 | P71: 0.0055 | Q71: 21504 | R71: 13358 | S71: 1.6098 | T71: 1 | U71: 1125 | Y71: 卖家承诺20小时内发货|8天退货，退货邮费卖家承担|蚂蚁花呗|信用卡支付|集分宝|如实描述 | Z71: 广东广州 | AA71: xiaols24 | AB71: 41229.624 | AC71: 2冠 | AD71: 4.5; 4.5; 4.4 | AE71: 5432 | AF71: 淘宝 | AG71: 0.9788 | AH71: 女装/女士精品 | AI71: 连衣裙 | AK71: 42245 | AL71: 0.97222222 | AM71: 6天5时10分14秒 | AN71: 六 | AO71: =HOUR(AL71) -> 23 | AP71: http://item.taobao.com/item.htm?id=520599060645
A72: 71 | B72: 第 2 页 第 23 位 | C72: 2015夏季大码修身中长款短袖T恤连衣裙短裙女装韩版显瘦横条纹潮 | D72: L0001 | E72: 69 | F72: 0.2449 | G72: 16.9 | H72: 16.9 | I72: 12015 | J72: 包邮 | K72: 5347 | L72: 0.0062 | M72: 6557 | N72: 0.0058 | O72: 110813.3 | P72: 0.002 | Q72: 3850 | R72: - | S72: - | T72: 0 | U72: 3237 | Z72: 广东揭阳 | AA72: 沃茨凯旗舰店 | AB72: 41887.663 | AC72: 5钻 | AD72: 4.8; 4.8; 4.8 | AE72: 748 | AF72: 天猫 | AG72: 1 | AH72: 女装/女士精品 | AI72: 连衣裙 | AK72: 42239 | AL72: 0.96890046 | AM72: 0.21211806 | AN72: 日 | AO72: =HOUR(AL72) -> 23 | AP72: http://item.taobao.com/item.htm?id=520887827453
A73: 72 | B73: 第 2 页 第 24 位 | C73: 欧洲站2015春夏款圆领无袖背心修身A字百褶镂空蓬蓬连衣裙短长裙 | E73: 368 | F73: 0.1235 | G73: 45.44 | H73: 45.44 | I73: 16592 | J73: 包邮 | K73: 5307 | L73: 0.0062 | M73: 7632 | N73: 0.0067 | O73: 346798.08 | P73: 0.0063 | Q73: 17666 | R73: 22597 | S73: 0.7818 | T73: 1 | U73: 2554 | Y73: 7天无理由|蚂蚁花呗|信用卡支付|集分宝|如实描述 | Z73: 浙江杭州 | AA73: 潮流前线8838 | AB73: 41930.95 | AC73: 5钻 | AD73: 4.8; 4.8; 4.7 | AE73: 2013 | AF73: 淘宝 | AG73: 0.9865 | AH73: 女装/女士精品 | AI73: 连衣裙 | AK73: 42241 | AL73: 0.875 | AM73: 2天2时50分14秒 | AN73: 二 | AO73: =HOUR(AL73) -> 21 | AP73: http://item.taobao.com/item.htm?id=45537007717
A74: 73 | B74: 第 2 页 第 25 位 | C74: 15夏季短袖条纹显瘦性感包臀短裙修身中长款针织时尚气质连衣裙女 | E74: 234.9 | F74: 0.126 | G74: 29.6 | H74: 29.6 | I74: 36674 | J74: 包邮 | K74: 5268 | L74: 0.0062 | M74: 13706 | N74: 0.0121 | O74: 405697.6 | P74: 0.0073 | Q74: 46006 | R74: 12477 | S74: 3.6873 | T74: 0 | U74: 282 | Y74: 7天无理由|蚂蚁花呗|信用卡支付|集分宝|如实描述 | Z74: 广东广州 | AA74: 尕琳shop | AB74: 41978.717 | AC74: 2冠 | AD74: 4.6; 4.7; 4.6 | AE74: 4851 | AF74: 淘宝 | AG74: 0.9856 | AH74: 女装/女士精品 | AI74: 连衣裙 | AK74: 42245 | AL74: 0.64583333 | AM74: 5天21时20分14秒 | AN74: 六 | AO74: =HOUR(AL74) -> 15 | AP74: http://item.taobao.com/item.htm?id=520726643134
A75: 74 | B75: 第 2 页 第 26 位 | C75: 2015夏季新款女装修身蕾丝拼接雪纺连衣裙显瘦假两件无袖连衣裙女 | E75: 59.88 | F75: 0.3948 | G75: 23.64 | H75: 23.64 | I75: 39844 | J75: 包邮 | K75: 5237 | L75: 0.0061 | M75: 5674 | N75: 0.005 | O75: 134133.36 | P75: 0.0024 | Q75: 18988 | R75: 52742 | S75: 0.36 | T75: 6 | U75: 2489 | Y75: 7天无理由|集分宝|支付宝支付|如实描述 | Z75: 广东广州 | AA75: 李大嘴潮流坊 | AB75: 41812.688 | AC75: 4冠 | AD75: 4.5; 4.6; 4.5 | AE75: 7102 | AF75: 淘宝 | AG75: 0.9699 | AH75: 女装/女士精品 | AI75: 连衣裙 | AK75: 42241 | AL75: 0.89930556 | AM75: 2天3时25分14秒 | AN75: 二 | AO75: =HOUR(AL75) -> 21 | AP75: http://item.taobao.com/item.htm?id=520373990716
A76: 75 | B76: 第 2 页 第 27 位 | C76: 2015夏装裙子性感短裙夏季女装中裙蕾丝拼接雪纺中长款短袖连衣裙 | E76: 69 | F76: 0.3913 | G76: 27 | H76: 27 | I76: 78423 | J76: 包邮 | K76: 5168 | L76: 0.006 | M76: 5809 | N76: 0.0051 | O76: 156843 | P76: 0.0028 | Q76: 8752 | R76: 23268 | S76: 0.3761 | T76: 36 | U76: 1226 | Y76: 7天无理由|蚂蚁花呗|信用卡支付|集分宝|如实描述 | Z76: 浙江杭州 | AA76: 韩恋衣柜 | AB76: 41509.89 | AC76: 2冠 | AD76: 4.6; 4.6; 4.5 | AE76: 4590 | AF76: 淘宝 | AG76: 0.9224 | AH76: 女装/女士精品 | AI76: 连衣裙 | AK76: 42241 | AL76: 0.69892361 | AM76: 1天22时36分41秒 | AN76: 二 | AO76: =HOUR(AL76) -> 16 | AP76: http://item.taobao.com/item.htm?id=520373202665
A77: 76 | B77: 第 2 页 第 28 位 | C77: 欧洲站2015夏装磨破拼皮牛仔背带裙夏显瘦复古牛仔背带裙连衣裙潮 | E77: 399 | F77: 0.1464 | G77: 58.41 | H77: 58.41 | I77: 67124 | J77: 包邮 | K77: 5156 | L77: 0.006 | M77: 10355 | N77: 0.0091 | O77: 604835.55 | P77: 0.0109 | Q77: 21986 | R77: 18721 | S77: 1.1744 | T77: 0 | U77: 1090 | Y77: 7天无理由|蚂蚁花呗|信用卡支付|集分宝|如实描述 | Z77: 广东深圳 | AA77: coco小新娘 | AB77: 41377.746 | AC77: 2冠 | AD77: 4.7; 4.7; 4.6 | AE77: 3887 | AF77: 淘宝 | AG77: 0.9829 | AH77: 女装/女士精品 | AI77: 连衣裙 | AK77: 42241 | AL77: 0.94259259 | AM77: 2天4时27分34秒 | AN77: 二 | AO77: =HOUR(AL77) -> 22 | AP77: http://item.taobao.com/item.htm?id=520521574957
A78: 77 | B78: 第 2 页 第 29 位 | C78: 2015夏装新款大码女装森女文艺小清新樱桃印花棉麻短袖宽松连衣裙 | D78: 1 | E78: 128 | F78: 0.3445 | G78: 44.1 | H78: 44.1 | I78: 17097 | J78: 包邮 | K78: 5113 | L78: 0.006 | M78: 5813 | N78: 0.0051 | O78: 256353.3 | P78: 0.0046 | Q78: 25624 | R78: 89523 | S78: 0.2862 | T78: 8 | U78: 4018 | Y78: 8天退货，退货邮费买家承担|蚂蚁花呗|集分宝|支付宝支付|如实描述 | Z78: 广东广州 | AA78: 试居谪诹7422 | AB78: 42065.574 | AC78: 1冠 | AD78: 4.8; 4.8; 4.8 | AE78: 8779 | AF78: 淘宝 | AG78: 0.9899 | AH78: 女装/女士精品 | AI78: 连衣裙 | AK78: 42242 | AL78: 0.90277778 | AM78: 3天3时30分14秒 | AN78: 三 | AO78: =HOUR(AL78) -> 21 | AP78: http://item.taobao.com/item.htm?id=520153511262
A79: 78 | B79: 第 2 页 第 30 位 | C79: 2015夏季新款韩版修身显瘦休闲无袖连衣裙女装两件套背带裙套装裙 | D79: GNDL0189 | E79: 108 | F79: 0.2361 | G79: 25.5 | H79: 25.5 | I79: 52142 | J79: 包邮 | K79: 5081 | L79: 0.0059 | M79: 6232 | N79: 0.0055 | O79: 158916 | P79: 0.0029 | Q79: 12878 | R79: - | S79: - | T79: 1 | U79: 3836 | Z79: 浙江杭州 | AA79: 古妮迪莎伦维专卖店 | AB79: 41768.709 | AC79: 4冠 | AD79: 4.6; 4.6; 4.7 | AE79: 38609 | AF79: 天猫 | AG79: 1 | AH79: 女装/女士精品 | AI79: 连衣裙 | AK79: 42246 | AL79: 0.5477662 | AM79: 6天18时59分1秒 | AN79: 日 | AO79: =HOUR(AL79) -> 13 | AP79: http://item.taobao.com/item.htm?id=45903964105
A80: 79 | B80: 第 2 页 第 31 位 | C80: 包邮2015春夏新款妈妈装 中老年女装冰丝连衣裙 中年大码碎花裙子 | D80: 方块连衣裙 | E80: 68 | F80: 0.2737 | G80: 18.61 | H80: 18.61 | I80: 99700 | J80: 包邮 | K80: 5056 | L80: 0.0059 | M80: 9514 | N80: 0.0084 | O80: 177055.54 | P80: 0.0032 | Q80: 30774 | R80: 1428767 | S80: 0.0215 | T80: 552 | U80: 9531 | Y80: 7天无理由|蚂蚁花呗|信用卡支付|集分宝|如实描述 | Z80: 北京 | AA80: 控心丶sorrow | AB80: 41381.607 | AC80: 4冠 | AD80: 4.8; 4.8; 4.7 | AE80: 4988 | AF80: 淘宝 | AG80: 0.9838 | AH80: 女装/女士精品 | AI80: 连衣裙 | AK80: 42244 | AL80: 0.61163194 | AM80: 4天20时30分59秒 | AN80: 五 | AO80: =HOUR(AL80) -> 14 | AP80: http://item.taobao.com/item.htm?id=20272763953
A81: 80 | B81: 第 2 页 第 32 位 | C81: 2015春夏新款韩版长裙连衣裙欧美莫代尔背心裙波西米亚长款连体裙 | E81: 38 | F81: 0.5 | G81: 19 | H81: 19 | I81: 125798 | J81: 包邮 | K81: 4995 | L81: 0.0058 | M81: 7123 | N81: 0.0063 | O81: 135337 | P81: 0.0025 | Q81: 72920 | R81: 215976 | S81: 0.3376 | T81: 21 | U81: 13823 | Y81: 卖家承诺24小时内发货|7天无理由|蚂蚁花呗|信用卡支付|集分宝|如实描述 | Z81: 江苏徐州 | AA81: 聚光帝 | AB81: 40551.103 | AC81: 4冠 | AD81: 4.7; 4.7; 4.7 | AE81: 16171 | AF81: 淘宝 | AG81: 0.9753 | AH81: 女装/女士精品 | AI81: 连衣裙 | AK81: 42245 | AL81: 0.94070602 | AM81: 6天4时24分51秒 | AN81: 六 | AO81: =HOUR(AL81) -> 22 | AP81: http://item.taobao.com/item.htm?id=18505173189
A82: 81 | B82: 第 2 页 第 33 位 | C82: 夏人造棉印花碎花棉绸波西米亚沙滩裙度假裙长裙无袖背心裙连衣裙 | E82: 129 | F82: 0.1899 | G82: 24.5 | H82: 24.5 | I82: 7129 | J82: 包邮 | K82: 4987 | L82: 0.0058 | M82: 7002 | N82: 0.0062 | O82: 171549 | P82: 0.0031 | Q82: 16788 | R82: 40202 | S82: 0.4176 | T82: 3 | U82: 2285 | Y82: 7天无理由|蚂蚁花呗|信用卡支付|集分宝|如实描述 | Z82: 广东广州 | AA82: 夏衣唯美 | AB82: 41376.862 | AC82: 2冠 | AD82: 4.7; 4.7; 4.6 | AE82: 4575 | AF82: 淘宝 | AG82: 0.9811 | AH82: 女装/女士精品 | AI82: 连衣裙 | AK82: 42243 | AL82: 0.89959491 | AM82: 4天3时25分39秒 | AN82: 四 | AO82: =HOUR(AL82) -> 21 | AP82: http://item.taobao.com/item.htm?id=520079956508
A83: 82 | B83: 第 2 页 第 34 位 | C83: 夏季连衣裙2015新款韩版大码女装T恤裙宽松字母简约修身无袖长裙 | E83: 118 | F83: 0.1675 | G83: 19.76 | H83: 19.76 | I83: 26080 | J83: 包邮 | K83: 4964 | L83: 0.0058 | M83: 6224 | N83: 0.0055 | O83: 122986.24 | P83: 0.0022 | Q83: 16836 | R83: 19941 | S83: 0.8443 | T83: 6 | U83: 2419 | Y83: 卖家承诺48小时内发货|8天退货，退货邮费买家承担|蚂蚁花呗|集分宝|支付宝支付|如实描述 | Z83: 广东肇庆 | AA83: 辉茵阁02 | AB83: 42103.9 | AC83: 1冠 | AD83: 4.7; 4.7; 4.6 | AE83: 3950 | AF83: 淘宝 | AG83: 0.9395 | AH83: 女装/女士精品 | AI83: 连衣裙 | AK83: 42240 | AL83: 0.94097222 | AM83: 1天4时25分14秒 | AN83: 一 | AO83: =HOUR(AL83) -> 22 | AP83: http://item.taobao.com/item.htm?id=520233829503
A84: 83 | B84: 第 2 页 第 35 位 | C84: 连衣裙夏季女2015新款棉绸沙滩裙无袖吊带裙夏波西米亚短裙度假裙 | D84: 8001 | E84: 58 | F84: 0.495 | G84: 28.71 | H84: 28.71 | I84: 8771 | J84: 包邮 | K84: 4949 | L84: 0.0058 | M84: 6437 | N84: 0.0057 | O84: 184806.27 | P84: 0.0033 | Q84: 21754 | R84: 60003 | S84: 0.3625 | T84: 8 | U84: 3448 | Y84: 卖家承诺48小时内发货|8天退货，退货邮费买家承担|蚂蚁花呗|信用卡支付|集分宝|如实描述 | Z84: 广东广州 | AA84: jiawdetaobao | AB84: 41328.727 | AC84: 2冠 | AD84: 4.8; 4.8; 4.7 | AE84: 9958 | AF84: 淘宝 | AG84: 0.9556 | AH84: 女装/女士精品 | AI84: 连衣裙 | AK84: 42243 | AL84: 0.94641204 | AM84: 4天4时33分4秒 | AN84: 四 | AO84: =HOUR(AL84) -> 22 | AP84: http://item.taobao.com/item.htm?id=44498365146
A85: 84 | B85: 第 2 页 第 36 位 | C85: 夏装新款连衣裙森女日系刺绣收腰中长款裙子小清新棉麻短袖学生裙 | E85: 72 | F85: 0.5 | G85: 36 | H85: 36 | I85: 66722 | J85: 包邮 | K85: 4908 | L85: 0.0057 | M85: 6437 | N85: 0.0057 | O85: 231732 | P85: 0.0042 | Q85: 46600 | R85: 532697 | S85: 0.0875 | T85: 27 | U85: 6488 | W85: 1.单笔订单满88元减3元；免运费；减后满88元，送礼物，送3.00元优惠卷，亲，快下手吧！|2.单笔订单满128元减5元；免运费；减后满128元，送礼物，送5.00元优惠卷，亲，快下手吧！|3.单笔订单满388元减10元；免运费；减后满388元，送礼物，送10.00元优惠卷，亲，快下手吧！ | Y85: 7天无理由|蚂蚁花呗|信用卡支付|集分宝|如实描述 | Z85: 浙江杭州 | AA85: us时尚风阁 | AB85: 41717.015 | AC85: 3冠 | AD85: 4.7; 4.7; 4.5 | AE85: 11208 | AF85: 淘宝 | AG85: 0.9793 | AH85: 女装/女士精品 | AI85: 连衣裙 | AK85: 42239 | AL85: 0.875 | AM85: 0.11821759 | AN85: 日 | AO85: =HOUR(AL85) -> 21 | AP85: http://item.taobao.com/item.htm?id=45615417292
A86: 85 | B86: 第 2 页 第 37 位 | C86: 彩黛妃2015春夏装新款时尚韩版修身大码镂空拼接短袖连衣裙T0756 | D86: T0756 | E86: 128 | F86: 0.1547 | G86: 19.8 | H86: 19.8 | I86: 387139 | J86: 包邮 | K86: 4908 | L86: 0.0057 | M86: 6891 | N86: 0.0061 | O86: 136441.8 | P86: 0.0025 | Q86: 59732 | R86: - | S86: - | T86: 2205 | U86: 38147 | Z86: 江苏宿迁 | AA86: 彩黛妃旗舰店 | AB86: 41723.451 | AC86: 1金冠 | AD86: 4.6; 4.6; 4.8 | AE86: 308260 | AF86: 天猫 | AG86: 1 | AH86: 女装/女士精品 | AI86: 连衣裙 | AK86: 42245 | AL86: 0.47240741 | AM86: 5天17时10分30秒 | AN86: 六 | AO86: =HOUR(AL86) -> 11 | AP86: http://item.taobao.com/item.htm?id=39586932993
A87: 86 | B87: 第 2 页 第 38 位 | C87: 2015夏季森女无袖背心连衣裙小清新甜美学生短裙子蕾丝花朵闺蜜装 | E87: 121 | F87: 0.1901 | G87: 23 | H87: 23 | I87: 33156 | J87: 包邮 | K87: 4900 | L87: 0.0057 | M87: 6434 | N87: 0.0057 | O87: 147982 | P87: 0.0027 | Q87: 28646 | R87: 39909 | S87: 0.7178 | T87: 3 | U87: 1195 | Y87: 7天无理由|集分宝|支付宝支付|如实描述 | Z87: 广东广州 | AA87: 茴香依依 | AB87: 42147.883 | AC87: 4钻 | AD87: 4.5; 4.5; 4.4 | AE87: 1988 | AF87: 淘宝 | AG87: 0.9672 | AH87: 女装/女士精品 | AI87: 连衣裙 | AK87: 42245 | AL87: 0.92672454 | AM87: 6天4时4分43秒 | AN87: 六 | AO87: =HOUR(AL87) -> 22 | AP87: http://item.taobao.com/item.htm?id=520436013104
A88: 87 | B88: 第 2 页 第 39 位 | C88: 2015夏秋季新品女装雪纺两件套套装裙气质性感修身包臀开叉连衣裙 | D88: A1689 | E88: 369 | F88: 0.187 | G88: 69 | H88: 69 | I88: 42052 | J88: 包邮 | K88: 4878 | L88: 0.0057 | M88: 7059 | N88: 0.0062 | O88: 487071 | P88: 0.0088 | Q88: 37910 | R88: 44020 | S88: 0.8612 | T88: 3 | U88: 751 | Y88: 7天无理由|蚂蚁花呗|信用卡支付|集分宝|如实描述 | Z88: 广东广州 | AA88: 艾薇妮露 | AB88: 41414.641 | AC88: 1冠 | AD88: 4.7; 4.7; 4.6 | AE88: 10944 | AF88: 淘宝 | AG88: 0.99 | AH88: 女装/女士精品 | AI88: 连衣裙 | AK88: 42242 | AL88: 0.84865741 | AM88: 3天2时12分18秒 | AN88: 三 | AO88: =HOUR(AL88) -> 20 | AP88: http://item.taobao.com/item.htm?id=520677973804
A89: 88 | B89: 第 2 页 第 40 位 | C89: 两件套连衣裙夏季中裙韩版新款印花短袖雪纺套装修身蕾丝女装裙子 | E89: 88 | F89: 0.4659 | G89: 41 | H89: 41 | I89: 32340 | J89: 包邮 | K89: 4872 | L89: 0.0057 | M89: 6927 | N89: 0.0061 | O89: 284007 | P89: 0.0051 | Q89: 13404 | R89: 88323 | S89: 0.1518 | T89: 9 | U89: 753 | Y89: 卖家承诺24小时内发货|15天退货，退货邮费买家承担|蚂蚁花呗|信用卡支付|集分宝|如实描述 | Z89: 广东广州 | AA89: 完美_衣恋 | AB89: 41420.884 | AC89: 2冠 | AD89: 4.7; 4.7; 4.7 | AE89: 4809 | AF89: 淘宝 | AG89: 0.9893 | AH89: 女装/女士精品 | AI89: 连衣裙 | AK89: 42241 | AL89: 0.87847222 | AM89: 2天2时55分14秒 | AN89: 二 | AO89: =HOUR(AL89) -> 21 | AP89: http://item.taobao.com/item.htm?id=520501401676
A90: 89 | B90: 第 2 页 第 41 位 | C90: 毛菇小象 牛仔背带连衣裙2015夏女吊带背心裙子修身显瘦秋装中裙 | D90: G1146 | E90: 196 | F90: 0.5 | G90: 98 | H90: 98 | I90: 35638 | J90: 5 | K90: 4850 | L90: 0.0057 | M90: 6063 | N90: 0.0053 | O90: 594174 | P90: 0.0108 | Q90: 61312 | R90: 107428 | S90: 0.5707 | T90: 112 | U90: 2437 | W90: 1.单笔订单满168元免运费(不包邮地区：内蒙古;甘肃;青海;宁夏;新疆;西藏;台湾;香港;澳门;海外)，上不封顶！亲，快下手吧！ | Y90: 卖家承诺15天内发货|7天无理由|蚂蚁花呗|信用卡支付|集分宝|如实描述 | Z90: 浙江杭州 | AA90: 毛菇小象 | AB90: 40539.464 | AC90: 4金冠 | AD90: 4.7; 4.8; 4.7 | AE90: 5888612 | AF90: 淘宝 | AG90: 0.9913 | AH90: 女装/女士精品 | AI90: 连衣裙 | AK90: 42240 | AL90: 0.92293981 | AM90: 1天3时59分16秒 | AN90: 一 | AO90: =HOUR(AL90) -> 22 | AP90: http://item.taobao.com/item.htm?id=45376149752
A91: 90 | B91: 第 2 页 第 42 位 | C91: jto 夏装新款韩版欧根纱连衣裙短袖波点两件套高腰蓬蓬裙女071425 | E91: 110 | F91: 0.8 | G91: 88 | H91: 88 | I91: 1609 | J91: 包邮 | K91: 4772 | L91: 0.0056 | M91: 4984 | N91: 0.0044 | O91: 438592 | P91: 0.0079 | Q91: 62594 | R91: 78023 | S91: 0.8023 | T91: 0 | U91: 1316 | W91: 1.单笔订单满199元免运费(不包邮地区：内蒙古;黑龙江;甘肃;青海;新疆;西藏;台湾;香港;澳门;海外)，亲，快下手吧！ | Y91: 卖家承诺10天内发货|7天无理由|蚂蚁花呗|信用卡支付|集分宝|如实描述 | Z91: 浙江杭州 | AA91: zjforeverxxxx | AB91: 39643.925 | AC91: 2金冠 | AD91: 4.6; 4.7; 4.7 | AE91: 1458842 | AF91: 淘宝 | AG91: 0.9882 | AH91: 女装/女士精品 | AI91: 连衣裙 | AK91: 42239 | AL91: 0.90789352 | AM91: 0.15111111 | AN91: 日 | AO91: =HOUR(AL91) -> 21 | AP91: http://item.taobao.com/item.htm?id=520610422686
A92: 91 | B92: 第 2 页 第 43 位 | C92: 欧洲站2015夏季新款字母印花连帽修身海军风卫衣连衣裙大码女中裙 | D92: 335 | E92: 388 | F92: 0.3325 | G92: 129 | H92: 129 | I92: 40139 | J92: 包邮 | K92: 4757 | L92: 0.0056 | M92: 5004 | N92: 0.0044 | O92: 645516 | P92: 0.0117 | Q92: 6758 | R92: 14854 | S92: 0.455 | T92: 0 | U92: 1909 | Y92: 卖家承诺72小时内发货|7天无理由|蚂蚁花呗|信用卡支付|集分宝|如实描述 | Z92: 广东深圳 | AA92: 粉黛尔女装829 | AB92: 41208.838 | AC92: 3冠 | AD92: 4.7; 4.7; 4.7 | AE92: 38588 | AF92: 淘宝 | AG92: 0.993 | AH92: 女装/女士精品 | AI92: 连衣裙 | AK92: 42241 | AL92: 0.42684028 | AM92: 1天16时4分53秒 | AN92: 二 | AO92: =HOUR(AL92) -> 10 | AP92: http://item.taobao.com/item.htm?id=44953419115
A93: 92 | B93: 第 2 页 第 44 位 | C93: 2015夏季新款韩版女装连衣裙显瘦吊带裙无袖宽松破洞牛仔背带裙潮 | E93: 163 | F93: 0.319 | G93: 52 | H93: 52 | I93: 9678 | J93: 包邮 | K93: 4733 | L93: 0.0055 | M93: 5855 | N93: 0.0052 | O93: 304460 | P93: 0.0055 | Q93: 22470 | R93: 55797 | S93: 0.4027 | T93: 6 | U93: 3080 | Y93: 10天退货，退货邮费买家承担|蚂蚁花呗|信用卡支付|集分宝|如实描述 | Z93: 广东广州 | AA93: miley006 | AB93: 41940.656 | AC93: 1冠 | AD93: 4.8; 4.8; 4.8 | AE93: 3258 | AF93: 淘宝 | AG93: 0.9814 | AH93: 女装/女士精品 | AI93: 连衣裙 | AK93: 42244 | AL93: 0.83761574 | AM93: 5天1时56分24秒 | AN93: 五 | AO93: =HOUR(AL93) -> 20 | AP93: http://item.taobao.com/item.htm?id=45636774070
A94: 93 | B94: 第 3 页 第 1 位 | C94: 2015夏装新款中老年女装印花连衣裙夏季大码修身中年妈妈装碎花裙 | D94: 1510 | E94: 99 | F94: 0.159 | G94: 15.74 | H94: 15.74 | I94: 61662 | J94: 包邮 | K94: 4723 | L94: 0.0055 | M94: 11465 | N94: 0.0101 | O94: 180459.1 | P94: 0.0033 | Q94: 11028 | R94: 173751 | S94: 0.0635 | T94: 139 | U94: 15034 | Y94: 卖家承诺72小时内发货|7天无理由|蚂蚁花呗|信用卡支付|集分宝|如实描述 | Z94: 北京 | AA94: a328643702 | AB94: 40447.78 | AC94: 5冠 | AD94: 4.7; 4.7; 4.7 | AE94: 31510 | AF94: 淘宝 | AG94: 0.9849 | AH94: 女装/女士精品 | AI94: 连衣裙 | AK94: 42243 | AL94: 0.90984954 | AM94: 4天3时40分25秒 | AN94: 四 | AO94: =HOUR(AL94) -> 21 | AP94: http://item.taobao.com/item.htm?id=44018481952
A95: 94 | B95: 第 3 页 第 2 位 | C95: 夏季连衣裙2015春夏新款韩版女式短袖T恤裙大码女装字母宽松长裙 | E95: 91 | F95: 0.1758 | G95: 16 | H95: 16 | I95: 1087556 | J95: 包邮 | K95: 4707 | L95: 0.0055 | M95: 5761 | N95: 0.0051 | O95: 92176 | P95: 0.0017 | Q95: 56436 | R95: 90233 | S95: 0.6254 | T95: 19 | U95: 13395 | Y95: 7天无理由|蚂蚁花呗|信用卡支付|集分宝|如实描述 | Z95: 广东广州 | AA95: 韩衣馆shop | AB95: 41571.557 | AC95: 3冠 | AD95: 4.7; 4.7; 4.7 | AE95: 10680 | AF95: 淘宝 | AG95: 0.9749 | AH95: 女装/女士精品 | AI95: 连衣裙 | AK95: 42246 | AL95: 0.6712963 | AM95: 6天21时56分54秒 | AN95: 日 | AO95: =HOUR(AL95) -> 16 | AP95: http://item.taobao.com/item.htm?id=45393481059
A96: 95 | B96: 第 3 页 第 3 位 | C96: 2015夏装新款女装镂空欧根纱蓬蓬裙 印花碎花两件套连衣裙套装女 | E96: 118 | F96: 0.322 | G96: 38 | H96: 38 | I96: 3823 | J96: 包邮 | K96: 4706 | L96: 0.0055 | M96: 5520 | N96: 0.0049 | O96: 209760 | P96: 0.0038 | Q96: 24248 | R96: 120085 | S96: 0.2019 | T96: 21 | U96: 1844 | Y96: 卖家承诺72小时内发货|8天退货，退货邮费买家承担|蚂蚁花呗|信用卡支付|集分宝|如实描述 | Z96: 广东广州 | AA96: wanwalkerman | AB96: 41112.482 | AC96: 5冠 | AD96: 4.7; 4.7; 4.6 | AE96: 139674 | AF96: 淘宝 | AG96: 0.9849 | AH96: 女装/女士精品 | AI96: 连衣裙 | AK96: 42245 | AL96: 0.68917824 | AM96: 5天22时22分39秒 | AN96: 六 | AO96: =HOUR(AL96) -> 16 | AP96: http://item.taobao.com/item.htm?id=520318339796
A97: 96 | B97: 第 3 页 第 4 位 | C97: 毛菇小象 修身休闲连衣裙 2015夏季新款短袖中裙秋装大码女装裙子 | D97: Q3827 | E97: 138 | F97: 0.5 | G97: 69 | H97: 69 | I97: 26139 | J97: 5 | K97: 4680 | L97: 0.0055 | M97: 12524 | N97: 0.011 | O97: 864156 | P97: 0.0156 | Q97: 105020 | R97: 145604 | S97: 0.7213 | T97: 68 | U97: 143 | W97: 1.单笔订单满168元免运费(不包邮地区：内蒙古;甘肃;青海;宁夏;新疆;西藏;台湾;香港;澳门;海外)，上不封顶！亲，快下手吧！ | Y97: 卖家承诺15天内发货|7天无理由|蚂蚁花呗|信用卡支付|集分宝|如实描述 | Z97: 浙江杭州 | AA97: 毛菇小象 | AB97: 40539.464 | AC97: 4金冠 | AD97: 4.7; 4.8; 4.7 | AE97: 5888612 | AF97: 淘宝 | AG97: 0.9913 | AH97: 女装/女士精品 | AI97: 连衣裙 | AK97: 42242 | AL97: 0.45351852 | AM97: 2天16时43分18秒 | AN97: 三 | AO97: =HOUR(AL97) -> 10 | AP97: http://item.taobao.com/item.htm?id=45702805708
A98: 97 | B98: 第 3 页 第 5 位 | C98: 正品2015新款时尚夏季棉麻连衣裙两件套亚麻长裙气质修身女装裙子 | E98: 488 | F98: 0.1319 | G98: 64.35 | H98: 64.35 | I98: 8647 | J98: 包邮 | K98: 4639 | L98: 0.0054 | M98: 6659 | N98: 0.0059 | O98: 428506.65 | P98: 0.0078 | Q98: 7576 | R98: 57286 | S98: 0.1322 | T98: 6 | U98: 552 | Y98: 7天无理由|蚂蚁花呗|信用卡支付|集分宝|如实描述 | Z98: 广东广州 | AA98: 美茹衣橱 | AB98: 41869.395 | AC98: 5钻 | AD98: 4.7; 4.7; 4.6 | AE98: 2025 | AF98: 淘宝 | AG98: 0.9828 | AH98: 女装/女士精品 | AI98: 连衣裙 | AK98: 42242 | AL98: 0.7522338 | AM98: 2天23时53分27秒 | AN98: 三 | AO98: =HOUR(AL98) -> 18 | AP98: http://item.taobao.com/item.htm?id=520817830644
A99: 98 | B99: 第 3 页 第 6 位 | C99: 韩国2015夏季女装新款气质修身显瘦棉麻连衣裙长款不规则一步裙夏 | D99: zsf0348 | E99: 368 | F99: 0.4428 | G99: 162.96 | H99: 162.96 | I99: 11688 | J99: 包邮 | K99: 4615 | L99: 0.0054 | M99: 4840 | N99: 0.0043 | O99: 788726.4 | P99: 0.0143 | Q99: 73412 | R99: 339045 | S99: 0.2165 | T99: 5 | U99: 1538 | Y99: 7天无理由|信用卡支付|集分宝|支付宝支付|如实描述 | Z99: 浙江杭州 | AA99: zsf私人定制 | AB99: 42186.736 | AC99: 4钻 | AD99: 4.6; 4.7; 4.6 | AE99: 7838 | AF99: 淘宝 | AG99: 0.9767 | AH99: 女装/女士精品 | AI99: 连衣裙 | AK99: 42243 | AL99: 0.93871528 | AM99: 4天4时21分59秒 | AN99: 四 | AO99: =HOUR(AL99) -> 22 | AP99: http://item.taobao.com/item.htm?id=520460332917
A100: 99 | B100: 第 3 页 第 7 位 | C100: 克拉恋人唐嫣明星同款2015夏装新款短袖修身宽松中长款连衣裙女潮 | E100: 99.6 | F100: 0.49 | G100: 48.8 | H100: 48.8 | I100: 19298 | J100: 包邮 | K100: 4612 | L100: 0.0054 | M100: 7630 | N100: 0.0067 | O100: 372344 | P100: 0.0067 | Q100: 14992 | R100: 24476 | S100: 0.6125 | T100: 2 | U100: 1024 | Y100: 卖家承诺48小时内发货|7天无理由|集分宝|支付宝支付|如实描述 | Z100: 广东广州 | AA100: nani哈尼 | AB100: 42126.599 | AC100: 4钻 | AD100: 4.7; 4.7; 4.6 | AE100: 3133 | AF100: 淘宝 | AG100: 0.9886 | AH100: 女装/女士精品 | AI100: 连衣裙 | AK100: 42244 | AL100: 0.875 | AM100: 5天2时50分14秒 | AN100: 五 | AO100: =HOUR(AL100) -> 21 | AP100: http://item.taobao.com/item.htm?id=520844995820
...

Sheet 数据透视表
B3: 求和项:30天销量 | C3: 列标签
B4: 行标签 | C4: 0 | D4: 2 | E4: 9 | F4: 10 | G4: 11 | H4: 13 | I4: 14 | J4: 15 | K4: 16 | L4: 17 | M4: 18 | N4: 19 | O4: 20 | P4: 21 | Q4: 22 | R4: 23 | S4: 总计
B5: 一 | E5: 6303 | F5: 15639 | I5: 6731 | J5: 18282 | P5: 23642 | Q5: 74555 | R5: 4876 | S5: 150028
B6: 二 | D6: 8198 | F6: 12541 | K6: 19386 | M6: 8631 | O6: 10091 | P6: 45339 | Q6: 32567 | S6: 136753
B7: 三 | F7: 20950 | L7: 13899 | M7: 6659 | O7: 25206 | P7: 62736 | Q7: 18638 | R7: 12223 | S7: 160311
B8: 四 | F8: 17357 | G8: 19986 | J8: 5124 | K8: 5095 | L8: 6958 | O8: 4965 | P8: 25152 | Q8: 11277 | R8: 18265 | S8: 114179
B9: 五 | C9: 9502 | E9: 4802 | G9: 8261 | I9: 34178 | J9: 49131 | K9: 20613 | O9: 32242 | P9: 24039 | Q9: 18644 | S9: 201412
B10: 六 | F10: 27728 | G10: 6891 | J10: 22500 | K10: 5520 | P10: 45367 | Q10: 29506 | R10: 8388 | S10: 145900
B11: 日 | C11: 3749 | G11: 6281 | H11: 6232 | I11: 7755 | J11: 6260 | K11: 10500 | L11: 4615 | M11: 4404 | N11: 8671 | O11: 20366 | P11: 95346 | Q11: 19772 | R11: 31337 | S11: 225288
B12: 总计 | C12: 13251 | D12: 8198 | E12: 11105 | F12: 94215 | G12: 41419 | H12: 6232 | I12: 48664 | J12: 101297 | K12: 61114 | L12: 25472 | M12: 19694 | N12: 8671 | O12: 92870 | P12: 321621 | Q12: 204959 | R12: 75089 | S12: 1133871
